{
	"alarms":[
	],
	"gyms":{
		"To_Valor":"False",
		"To_Mystic":"False",
		"To_Instinct":"False",
		"From_Valor":"False",
		"From_Mystic":"False",
		"From_Instinct":"False"
	},
	"pokestops":{
		"Lured":"false"
	},
	"pokemon":{
		"Бульбазавр":"False",
		"Ивизавр":"False",
		"Венузавр":"False",
		"Чармандер":"False",
		"Чармилеон":"False",
		"Чаризард":"False",
		"Сквиртл":"False",
		"Вартортл":"False",
		"Бластойз":"False",
		"Катерпи":"False",
		"Метапод":"False",
		"Батерфри":"False",
		"Видл":"False",
		"Какуна":"False",
		"Бидрилл":"False",
		"Пиджи":"False",
		"Пиджеотто":"False",
		"Пиджит":"False",
		"Раттата":"False",
		"Рэтикейт":"False",
		"Спироу":"False",
		"Фироу":"False",
		"Эканс":"False",
		"Эрбок":"False",
		"Пикачу":"False",
		"Райчу":"False",
		"Сэндшру":"False",
		"Сэндслэш":"False",
		"Нидоран♀":"False",
		"Нидорина":"False",
		"Нидоквин":"False",
		"Нидоран♂":"False",
		"Нидорино":"False",
		"Нидокинг":"False",
		"Клефейри":"False",
		"Клефейбл":"False",
		"Вульпикс":"False",
		"Найнтейлс":"False",
		"Джиглипаф":"False",
		"Виглитаф":"False",
		"Зубат":"False",
		"Голбат":"False",
		"Оддиш":"False",
		"Глум":"False",
		"Вайлплум":"False",
		"Парас":"False",
		"Парасект":"False",
		"Венонат":"False",
		"Веномот":"False",
		"Диглетт":"False",
		"Дагтрио":"False",
		"Мяут":"False",
		"Персиан":"False",
		"Псидак":"False",
		"Голдак":"False",
		"Манки":"False",
		"Праймейп":"False",
		"Гроулит":"False",
		"Арканайн":"False",
		"Поливаг":"False",
		"Поливирл":"False",
		"Полирэт":"False",
		"Абра":"False",
		"Кадабра":"False",
		"Алаказам":"False",
		"Мачоп":"False",
		"Мачоук":"False",
		"Мачамп":"False",
		"Беллспраут":"False",
		"Випинбелл":"False",
		"Виктрибел":"False",
		"Тентакул":"False",
		"Тентакруэль":"False",
		"Джеодуд":"False",
		"Гравелер":"False",
		"Голем":"False",
		"Понита":"False",
		"Рапидэш":"False",
		"Слоупок":"False",
		"Слоубро":"False",
		"Магнемайт":"False",
		"Магнетон":"False",
		"Фарфетчд":"False",
		"Додуо":"False",
		"Додрио":"False",
		"Сил":"False",
		"Дьюгонг":"False",
		"Граймер":"False",
		"Мак":"False",
		"Шеллдер":"False",
		"Клойстер":"False",
		"Гастли":"False",
		"Хонтер":"False",
		"Генгар":"False",
		"Оникс":"False",
		"Дроузи":"False",
		"Гипно":"False",
		"Крабби":"False",
		"Кинглер":"False",
		"Волторб":"False",
		"Электрод":"False",
		"Эгзегут":"False",
		"Эгзегутор":"False",
		"Кьюбон":"False",
		"Маровак":"False",
		"Хитмонли":"False",
		"Хитмончан":"False",
		"Ликитунг":"False",
		"Коффинг":"False",
		"Визинг":"False",
		"Райхорн":"False",
		"Райдон":"False",
		"Ченси":"False",
		"Танджела":"False",
		"Кангасхан":"False",
		"Хорси":"False",
		"Сидра":"False",
		"Голдин":"False",
		"Сикинг":"False",
		"Старью":"False",
		"Старми":"False",
		"Мистер Майм":"False",
		"Сайтер":"False",
		"Джинкс":"False",
		"Электабазз":"False",
		"Магмар":"False",
		"Пинсир":"False",
		"Торос":"False",
		"Мэджикарп":"False",
		"Гаярдос":"False",
		"Лапрас":"False",
		"Дитто":"False",
		"Иви":"False",
		"Вапореон":"False",
		"Джолтеон":"False",
		"Флареон":"False",
		"Поригон":"False",
		"Оманайт":"False",
		"Омастар":"False",
		"Кабуто":"False",
		"Кабутопс":"False",
		"Аэродактиль":"False",
		"Снорлакс":"False",
		"Артикуно":"False",
		"Запдос":"False",
		"Молдрес":"False",
		"Дратини":"False",
		"Драгонэйр":"False",
		"Драгонайт":"False",
		"Мьюту":"False",
		"Мью":"False",
		"Чикорита":"False",
		"Бейлиф":"False",
		"Меганиум":"False",
		"Синдаквил":"False",
		"Квилава":"False",
		"Тайфложн":"False",
		"Тотодайл":"False",
		"Кроконав":"False",
		"Фералигатр":"False",
		"Сентрет":"False",
		"Фуррет":"False",
		"Хутхут":"False",
		"Ноктаул":"False",
		"Ледиба":"False",
		"Ледиан":"False",
		"Спинарак":"False",
		"Ариадос":"False",
		"Кробат":"False",
		"Чинчоу":"False",
		"Лантурн":"False",
		"Пичу":"False",
		"Клеффа":"False",
		"Иглибафф":"False",
		"Тогепи":"False",
		"Тогетик":"False",
		"Нату":"False",
		"Ксату":"False",
		"Мэрип":"False",
		"Флаффи":"False",
		"Амфарос":"False",
		"Беллосом":"False",
		"Мэрилл":"False",
		"Азумэрилл":"False",
		"Судовудо":"False",
		"Политод":"False",
		"Хоппип":"False",
		"Скиплум":"False",
		"Джамплафф":"False",
		"Айпом":"False",
		"Санкерн":"False",
		"Санфлора":"False",
		"Янма":"False",
		"Вупер":"False",
		"Квагсайр":"False",
		"Эспеон":"False",
		"Амбреон":"False",
		"Маркроу":"False",
		"Слоукинг":"False",
		"Мисдривус":"False",
		"Аноун":"False",
		"Воббафет":"False",
		"Жирафариг":"False",
		"Пайнеко":"False",
		"Форретресс":"False",
		"Данспарс":"False",
		"Глайгер":"False",
		"Стиликс":"False",
		"Снаббл":"False",
		"Гранбулл":"False",
		"Квилфиш":"False",
		"Сизор":"False",
		"Шакл":"False",
		"Геракросс":"False",
		"Снизел":"False",
		"Теддиурса":"False",
		"Урсаринг":"False",
		"Слагма":"False",
		"Магкарго":"False",
		"Свайнаб":"False",
		"Пилосвайн":"False",
		"Корсола":"False",
		"Реморейд":"False",
		"Октиллери":"False",
		"Дэлибёрд":"False",
		"Мантайн":"False",
		"Скармори":"False",
		"Хаундаур":"False",
		"Хаундум":"False",
		"Кингдра":"False",
		"Фэнпи":"False",
		"Донфан":"False",
		"Поригон 2":"False",
		"Стэнтлер":"False",
		"Смиргл":"False",
		"Тирогу":"False",
		"Хитмонтоп":"False",
		"Смучам":"False",
		"Элекид":"False",
		"Магби":"False",
		"Милтанк":"False",
		"Блисси":"False",
		"Райкоу":"False",
		"Энтей":"False",
		"Суйкун":"False",
		"Ларвитар":"False",
		"Пьюпитар":"False",
		"Тиранитар":"False",
		"Лугия":"False",
		"Хо-Ох":"False",
		"Селеби":"False",
		"Трико":"False",
		"Гроувайл":"False",
		"Скептайл":"False",
		"Торчик":"False",
		"Комбускен":"False",
		"Блейзикен":"False",
		"Мадкип":"False",
		"Марштомп":"False",
		"Свамперт":"False",
		"Пучиена":"False",
		"Майтиена":"False",
		"Зигзагун":"False",
		"Лайнун":"False",
		"Вёрмпл":"False",
		"Силкун":"False",
		"Бьютифлай":"False",
		"Каскун":"False",
		"Дастокс":"False",
		"Лотад":"False",
		"Ломбре":"False",
		"Лудиколо":"False",
		"Сидот":"False",
		"Назлиф":"False",
		"Шифтри":"False",
		"Тейлоу":"False",
		"Свеллоу":"False",
		"Вингалл":"False",
		"Пелиппер":"False",
		"Ральтс":"False",
		"Кирлия":"False",
		"Гардевуар":"False",
		"Сёрскит":"False",
		"Маскверейн":"False",
		"Шрумиш":"False",
		"Брелум":"False",
		"Слэйкот":"False",
		"Вигорот":"False",
		"Слэйкинг":"False",
		"Нинкада":"False",
		"Нинджаск":"False",
		"Шединджа":"False",
		"Висмур":"False",
		"Лаудред":"False",
		"Эксплауд":"False",
		"Макухита":"False",
		"Харияма":"False",
		"Азурилл":"False",
		"Ноуспасс":"False",
		"Скитти":"False",
		"Делкатти":"False",
		"Саблай":"False",
		"Мэвайл":"False",
		"Арон":"False",
		"Лейрон":"False",
		"Аггрон":"False",
		"Медитайт":"False",
		"Медичам":"False",
		"Электрайк":"False",
		"Манектрик":"False",
		"Плюсл":"False",
		"Минун":"False",
		"Волбит":"False",
		"Иллюмизи":"False",
		"Розалия":"False",
		"Галпин":"False",
		"Свалот":"False",
		"Карванна":"False",
		"Шарпидо":"False",
		"Вэйлмер":"False",
		"Вэйлорд":"False",
		"Намел":"False",
		"Камерапт":"False",
		"Торкл":"False",
		"Споинк":"False",
		"Грампиг":"False",
		"Спинда":"False",
		"Трапинч":"False",
		"Вибрава":"False",
		"Флайгон":"False",
		"Какния":"False",
		"Кактурн":"False",
		"Сваблу":"False",
		"Алтария":"False",
		"Зангус":"False",
		"Сивайпер":"False",
		"Лунатон":"False",
		"Солрок":"False",
		"Барбоа":"False",
		"Вискэш":"False",
		"Корфиш":"False",
		"Кродант":"False",
		"Балтой":"False",
		"Клэйдол":"False",
		"Лилип":"False",
		"Крэдили":"False",
		"Анорит":"False",
		"Армальдо":"False",
		"Фибас":"False",
		"Майлотик":"False",
		"Кастформ":"False",
		"Кеклеон":"False",
		"Шаппет":"False",
		"Бэнетт":"False",
		"Даскулл":"False",
		"Дасклопс":"False",
		"Тропиус":"False",
		"Чаймеко":"False",
		"Эбсол":"False",
		"Винаут":"False",
		"Снорант":"False",
		"Глэйли":"False",
		"Сфил":"False",
		"Силео":"False",
		"Уолрейн":"False",
		"Кламперл":"False",
		"Хантэйл":"False",
		"Горебисс":"False",
		"Реликант":"False",
		"Лювдиск":"False",
		"Багон":"False",
		"Шелгон":"False",
		"Саламенс":"False",
		"Белдум":"False",
		"Метанг":"False",
		"Метагросс":"False",
		"Реджирок":"False",
		"Реджайс":"False",
		"Реджистил":"False",
		"Латиас":"False",
		"Латиос":"False",
		"Кайогр":"False",
		"Граудон":"False",
		"Рэйкваза":"False",
		"Джирачи":"False",
		"Деоксис":"False",
		"Туртвиг":"False",
		"Гротл":"False",
		"Тортерра":"False",
		"Чимчар":"False",
		"Монферно":"False",
		"Инфернейп":"False",
		"Пиплуп":"False",
		"Принплуп":"False",
		"Эмполеон":"False",
		"Старли":"False",
		"Старавия":"False",
		"Стараптор":"False",
		"Бидуф":"False",
		"Бибарел":"False",
		"Крикетот":"False",
		"Крикетун":"False",
		"Шинкс":"False",
		"Люксио":"False",
		"Люксрей":"False",
		"Бадью":"False",
		"Роузрейд":"False",
		"Крэйнидос":"False",
		"Рампардос":"False",
		"Шилдон":"False",
		"Бастиодон":"False",
		"Бурми":"False",
		"Вормадам":"False",
		"Мотим":"False",
		"Комби":"False",
		"Веспиквин":"False",
		"Пачирису":"False",
		"Буизел":"False",
		"Флотцел":"False",
		"Черуби":"False",
		"Черрим":"False",
		"Шеллос":"False",
		"Гастродон":"False",
		"Эмбипом":"False",
		"Дрифлун":"False",
		"Дрифблим":"False",
		"Банири":"False",
		"Лопанни":"False",
		"Мисмагиус":"False",
		"Хончкроу":"False",
		"Глеймяу":"False",
		"Пурагли":"False",
		"Чинглинг":"False",
		"Станки":"False",
		"Скунтанк":"False",
		"Бронзор":"False",
		"Бронзонг":"False",
		"Бонслай":"False",
		"Майм Младший":"False",
		"Хэппини":"False",
		"Чатот":"False",
		"Спиритомб":"False",
		"Гибл":"False",
		"Габайт":"False",
		"Гарчомп":"False",
		"Манчлакс":"False",
		"Риолу":"False",
		"Лукарио":"False",
		"Гиппопотас":"False",
		"Гипподон":"False",
		"Скорупи":"False",
		"Драпион":"False",
		"Кроганк":"False",
		"Токсикроук":"False",
		"Карнивайн":"False",
		"Финнеон":"False",
		"Люминеон":"False",
		"Мантик":"False",
		"Сновер":"False",
		"Абомасноу":"False",
		"Вивайл":"False",
		"Магнезон":"False",
		"Ликилики":"False",
		"Райпериор":"False",
		"Тангроут":"False",
		"Элективайр":"False",
		"Магмортар":"False",
		"Тогекисс":"False",
		"Янмега":"False",
		"Лифеон":"False",
		"Гласеон":"False",
		"Глайскор":"False",
		"Мамосвайн":"False",
		"Поригон-Z":"False",
		"Галлейд":"False",
		"Пробопасс":"False",
		"Даскнуар":"False",
		"Фросласс":"False",
		"Ротом":"False",
		"Юкси":"False",
		"Месприт":"False",
		"Азельф":"False",
		"Диалга":"False",
		"Палкия":"False",
		"Хитран":"False",
		"Реджигигас":"False",
		"Гиратина":"False",
		"Крисселия":"False",
		"Фион":"False",
		"Манапи":"False",
		"Даркрай":"False",
		"Шеймин":"False",
		"Аркеус":"False",
		"Виктини":"False",
		"Снайви":"False",
		"Сервайн":"False",
		"Серпериор":"False",
		"Тепиг":"False",
		"Пигнайт":"False",
		"Эмбор":"False",
		"Ошавотт":"False",
		"Девотт":"False",
		"Самуротт":"False",
		"Патрат":"False",
		"Уочхог":"False",
		"Лиллипап":"False",
		"Хердиер":"False",
		"Стаутлэнд":"False",
		"Пуррлойн":"False",
		"Лайпард":"False",
		"Пансейдж":"False",
		"Симисейдж":"False",
		"Пансир":"False",
		"Симисир":"False",
		"Панпур":"False",
		"Симипур":"False",
		"Мунна":"False",
		"Мушарна":"False",
		"Пидав":"False",
		"Транквилл":"False",
		"Анфезант":"False",
		"Блитцл":"False",
		"Зебстрайка":"False",
		"Роггенрола":"False",
		"Болдор":"False",
		"Гигалит":"False",
		"Вубэт":"False",
		"Свубэт":"False",
		"Дрилбур":"False",
		"Экскадрилл":"False",
		"Аудино":"False",
		"Тимбурр":"False",
		"Гурдурр":"False",
		"Конкельдурр":"False",
		"Тимпол":"False",
		"Палпитоад":"False",
		"Сейсмитоад":"False",
		"Тро":"False",
		"Соук":"False",
		"Севадл":"False",
		"Свадлун":"False",
		"Левани":"False",
		"Венипид":"False",
		"Вирлипид":"False",
		"Сколипид":"False",
		"Коттони":"False",
		"Вимсискотт":"False",
		"Петилил":"False",
		"Лиллигант":"False",
		"Баскулин":"False",
		"Сэндайл":"False",
		"Крокорок":"False",
		"Крукодайл":"False",
		"Дарумакка":"False",
		"Дарманитан":"False",
		"Марактус":"False",
		"Двэббл":"False",
		"Крастл":"False",
		"Скрэгги":"False",
		"Скрафти":"False",
		"Сиджилиф":"False",
		"Ямаск":"False",
		"Кофагригус":"False",
		"Тиртуга":"False",
		"Карракоста":"False",
		"Аркен":"False",
		"Аркеопс":"False",
		"Траббиш":"False",
		"Гарбодор":"False",
		"Зоруа":"False",
		"Зороарк":"False",
		"Минчино":"False",
		"Чинчино":"False",
		"Гофита":"False",
		"Гофорита":"False",
		"Гофителль":"False",
		"Солозис":"False",
		"Дуозион":"False",
		"Реониклус":"False",
		"Даклетт":"False",
		"Сванна":"False",
		"Ваниллайт":"False",
		"Ваниллиш":"False",
		"Ваниллакс":"False",
		"Дирлинг":"False",
		"Соусбак":"False",
		"Эмолга":"False",
		"Каррабласт":"False",
		"Эскавалир":"False",
		"Фунгус":"False",
		"Амунгус":"False",
		"Фрилиш":"False",
		"Джеллисент":"False",
		"Аломомола":"False",
		"Джолтик":"False",
		"Галвантула":"False",
		"Ферросид":"False",
		"Ферроторн":"False",
		"Клинк":"False",
		"Клэнг":"False",
		"Клинклэнг":"False",
		"Тайнамо":"False",
		"Илектрик":"False",
		"Илектросс":"False",
		"Илджием":"False",
		"Бихием":"False",
		"Литвик":"False",
		"Лампент":"False",
		"Шанделюр":"False",
		"Эксью":"False",
		"Фраксур":"False",
		"Гаксорус":"False",
		"Кабчу":"False",
		"Бертик":"False",
		"Криогонал":"False",
		"Шелмет":"False",
		"Аксельгор":"False",
		"Станфиск":"False",
		"Меньфу":"False",
		"Меньшао":"False",
		"Драддигон":"False",
		"Голетт":"False",
		"Голурк":"False",
		"Паониард":"False",
		"Бишарп":"False",
		"Буффалант":"False",
		"Раффлет":"False",
		"Брэйвиари":"False",
		"Валлаби":"False",
		"Мандибазз":"False",
		"Хитмор":"False",
		"Дюрант":"False",
		"Дайно":"False",
		"Звайлос":"False",
		"Гидрайгон":"False",
		"Ларвеста":"False",
		"Волкарона":"False",
		"Кобалион":"False",
		"Терракион":"False",
		"Виризион":"False",
		"Торнадус":"False",
		"Тандурус":"False",
		"Реширам":"False",
		"Зекром":"False",
		"Лэндорус":"False",
		"Кюрем":"False",
		"Келдео":"False",
		"Мелоэтта":"False",
		"Генесект":"False",
		"Чеспин":"False",
		"Квилладин":"False",
		"Чеснот":"False",
		"Феннекин":"False",
		"Брайксен":"False",
		"Дельфокс":"False",
		"Фроки":"False",
		"Фрогадир":"False",
		"Грениндзя":"False",
		"Баннелби":"False",
		"Диггерзби":"False",
		"Флечлинг":"False",
		"Флечиндер":"False",
		"Тэйлонфлейм":"False",
		"Скаттербаг":"False",
		"Спьюпа":"False",
		"Вивиллон":"False",
		"Литлео":"False",
		"Пайроар":"False",
		"Флабэбэ":"False",
		"Флоэтт":"False",
		"Флоргес":"False",
		"Скиддо":"False",
		"Гогоат":"False",
		"Панчам":"False",
		"Пангоро":"False",
		"Фурфру":"False",
		"Эспур":"False",
		"Мяустик":"False",
		"Хонэдж":"False",
		"Даблейд":"False",
		"Аегислэш":"False",
		"Спритзи":"False",
		"Ароматизз":"False",
		"Свирликс":"False",
		"Сларпафф":"False",
		"Инкей":"False",
		"Маламар":"False",
		"Бинакл":"False",
		"Барбаракл":"False",
		"Скрельп":"False",
		"Драгалг":"False",
		"Клончер":"False",
		"Кловицер":"False",
		"Гелиоптайл":"False",
		"Гелиолиск":"False",
		"Тайрант":"False",
		"Тайрентрум":"False",
		"Амаура":"False",
		"Аврорус":"False",
		"Сильвеон":"False",
		"Холуча":"False",
		"Деденне":"False",
		"Карбинк":"False",
		"Гуми":"False",
		"Слигу":"False",
		"Гудра":"False",
		"Клефки":"False",
		"Фантамп":"False",
		"Тривернант":"False",
		"Пампакмбу":"False",
		"Гургейст":"False",
		"Бергмайт":"False",
		"Авалагг":"False",
		"Нойбат":"False",
		"Нойверн":"False",
		"Ксернеас":"False",
		"Ивельтал":"False",
		"Зайгард":"False",
		"Дианси":"False",
		"Хупа":"False",
		"Вулканион":"False"
	}
}
