{
  "1": {
    "name": "Bulbasaur",
    "rarity": "Uncommon",
    "types": [
      {
        "type": "Grass",
        "color": "#78c850"
      },
      {
        "type": "Poison",
        "color": "#a040a0"
      }
    ],
    "spawn_rate": "61"
  },
  "2": {
    "name": "Ivysaur",
    "rarity": "Rare",
    "types": [
      {
        "type": "Grass",
        "color": "#78c850"
      },
      {
        "type": "Poison",
        "color": "#a040a0"
      }
    ],
    "spawn_rate": "421"
  },
  "3": {
    "name": "Venusaur",
    "rarity": "Very Rare",
    "types": [
      {
        "type": "Grass",
        "color": "#78c850"
      },
      {
        "type": "Poison",
        "color": "#a040a0"
      }
    ],
    "spawn_rate": "641"
  },
  "4": {
    "name": "Charmander",
    "rarity": "Rare",
    "types": [
      {
        "type": "Fire",
        "color": "#f08030"
      }
    ],
    "spawn_rate": "119"
  },
  "5": {
    "name": "Charmeleon",
    "rarity": "Very Rare",
    "types": [
      {
        "type": "Fire",
        "color": "#f08030"
      }
    ],
    "spawn_rate": "1025"
  },
  "6": {
    "name": "Charizard",
    "rarity": "Very Rare",
    "types": [
      {
        "type": "Fire",
        "color": "#f08030"
      },
      {
        "type": "Flying",
        "color": "#a890f0"
      }
    ],
    "spawn_rate": "879"
  },
  "7": {
    "name": "Squirtle",
    "rarity": "Uncommon",
    "types": [
      {
        "type": "Water",
        "color": "#6890f0"
      }
    ],
    "spawn_rate": "65"
  },
  "8": {
    "name": "Wartortle",
    "rarity": "Rare",
    "types": [
      {
        "type": "Water",
        "color": "#6890f0"
      }
    ],
    "spawn_rate": "484"
  },
  "9": {
    "name": "Blastoise",
    "rarity": "Very Rare",
    "types": [
      {
        "type": "Water",
        "color": "#6890f0"
      }
    ],
    "spawn_rate": "843"
  },
  "10": {
    "name": "Caterpie",
    "rarity": "Uncommon",
    "types": [
      {
        "type": "Bug",
        "color": "#a8b820"
      }
    ],
    "spawn_rate": "51"
  },
  "11": {
    "name": "Metapod",
    "rarity": "Rare",
    "types": [
      {
        "type": "Bug",
        "color": "#a8b820"
      }
    ],
    "spawn_rate": "433"
  },
  "12": {
    "name": "Butterfree",
    "rarity": "Very Rare",
    "types": [
      {
        "type": "Bug",
        "color": "#a8b820"
      },
      {
        "type": "Flying",
        "color": "#a890f0"
      }
    ],
    "spawn_rate": "843"
  },
  "13": {
    "name": "Weedle",
    "rarity": "Common",
    "types": [
      {
        "type": "Bug",
        "color": "#a8b820"
      },
      {
        "type": "Poison",
        "color": "#a040a0"
      }
    ],
    "spawn_rate": "21"
  },
  "14": {
    "name": "Kakuna",
    "rarity": "Rare",
    "types": [
      {
        "type": "Bug",
        "color": "#a8b820"
      },
      {
        "type": "Poison",
        "color": "#a040a0"
      }
    ],
    "spawn_rate": "204"
  },
  "15": {
    "name": "Beedrill",
    "rarity": "Rare",
    "types": [
      {
        "type": "Bug",
        "color": "#a8b820"
      },
      {
        "type": "Poison",
        "color": "#a040a0"
      }
    ],
    "spawn_rate": "377"
  },
  "16": {
    "name": "Pidgey",
    "rarity": "Common",
    "types": [
      {
        "type": "Normal",
        "color": "#8a8a59"
      },
      {
        "type": "Flying",
        "color": "#a890f0"
      }
    ],
    "spawn_rate": "10"
  },
  "17": {
    "name": "Pidgeotto",
    "rarity": "Uncommon",
    "types": [
      {
        "type": "Normal",
        "color": "#8a8a59"
      },
      {
        "type": "Flying",
        "color": "#a890f0"
      }
    ],
    "spawn_rate": "75"
  },
  "18": {
    "name": "Pidgeot",
    "rarity": "Rare",
    "types": [
      {
        "type": "Normal",
        "color": "#8a8a59"
      },
      {
        "type": "Flying",
        "color": "#a890f0"
      }
    ],
    "spawn_rate": "203"
  },
  "19": {
    "name": "Rattata",
    "rarity": "Common",
    "types": [
      {
        "type": "Normal",
        "color": "#8a8a59"
      }
    ],
    "spawn_rate": "13"
  },
  "20": {
    "name": "Raticate",
    "rarity": "Rare",
    "types": [
      {
        "type": "Normal",
        "color": "#8a8a59"
      }
    ],
    "spawn_rate": "159"
  },
  "21": {
    "name": "Spearow",
    "rarity": "Uncommon",
    "types": [
      {
        "type": "Normal",
        "color": "#8a8a59"
      },
      {
        "type": "Flying",
        "color": "#a890f0"
      }
    ],
    "spawn_rate": "31"
  },
  "22": {
    "name": "Fearow",
    "rarity": "Rare",
    "types": [
      {
        "type": "Normal",
        "color": "#8a8a59"
      },
      {
        "type": "Flying",
        "color": "#a890f0"
      }
    ],
    "spawn_rate": "221"
  },
  "23": {
    "name": "Ekans",
    "rarity": "Uncommon",
    "types": [
      {
        "type": "Poison",
        "color": "#a040a0"
      }
    ],
    "spawn_rate": "75"
  },
  "24": {
    "name": "Arbok",
    "rarity": "Very Rare",
    "types": [
      {
        "type": "Poison",
        "color": "#a040a0"
      }
    ],
    "spawn_rate": "544"
  },
  "25": {
    "name": "Pikachu",
    "rarity": "Uncommon",
    "types": [
      {
        "type": "Electric",
        "color": "#f8d030"
      }
    ],
    "spawn_rate": "92"
  },
  "26": {
    "name": "Raichu",
    "rarity": "Ultra Rare",
    "types": [
      {
        "type": "Electric",
        "color": "#f8d030"
      }
    ],
    "spawn_rate": "2051"
  },
  "27": {
    "name": "Sandshrew",
    "rarity": "Rare",
    "types": [
      {
        "type": "Ground",
        "color": "#e0c068"
      }
    ],
    "spawn_rate": "163"
  },
  "28": {
    "name": "Sandslash",
    "rarity": "Ultra Rare",
    "types": [
      {
        "type": "Ground",
        "color": "#e0c068"
      }
    ],
    "spawn_rate": "1619"
  },
  "29": {
    "name": "Nidoran♀",
    "rarity": "Uncommon",
    "types": [
      {
        "type": "Poison",
        "color": "#a040a0"
      }
    ],
    "spawn_rate": "77"
  },
  "30": {
    "name": "Nidorina",
    "rarity": "Very Rare",
    "types": [
      {
        "type": "Poison",
        "color": "#a040a0"
      }
    ],
    "spawn_rate": "504"
  },
  "31": {
    "name": "Nidoqueen",
    "rarity": "Very Rare",
    "types": [
      {
        "type": "Poison",
        "color": "#a040a0"
      },
      {
        "type": "Ground",
        "color": "#e0c068"
      }
    ],
    "spawn_rate": "1398"
  },
  "32": {
    "name": "Nidoran♂",
    "rarity": "Uncommon",
    "types": [
      {
        "type": "Poison",
        "color": "#a040a0"
      }
    ],
    "spawn_rate": "77"
  },
  "33": {
    "name": "Nidorino",
    "rarity": "Very Rare",
    "types": [
      {
        "type": "Poison",
        "color": "#a040a0"
      }
    ],
    "spawn_rate": "586"
  },
  "34": {
    "name": "Nidoking",
    "rarity": "Very Rare",
    "types": [
      {
        "type": "Poison",
        "color": "#a040a0"
      },
      {
        "type": "Ground",
        "color": "#e0c068"
      }
    ],
    "spawn_rate": "1025"
  },
  "35": {
    "name": "Clefairy",
    "rarity": "Uncommon",
    "types": [
      {
        "type": "Fairy",
        "color": "#e898e8"
      }
    ],
    "spawn_rate": "85"
  },
  "36": {
    "name": "Clefable",
    "rarity": "Very Rare",
    "types": [
      {
        "type": "Fairy",
        "color": "#e898e8"
      }
    ],
    "spawn_rate": "1309"
  },
  "37": {
    "name": "Vulpix",
    "rarity": "Rare",
    "types": [
      {
        "type": "Fire",
        "color": "#f08030"
      }
    ],
    "spawn_rate": "188"
  },
  "38": {
    "name": "Ninetales",
    "rarity": "Ultra Rare",
    "types": [
      {
        "type": "Fire",
        "color": "#f08030"
      }
    ],
    "spawn_rate": "1538"
  },
  "39": {
    "name": "Jigglypuff",
    "rarity": "Rare",
    "types": [
      {
        "type": "Normal",
        "color": "#8a8a59"
      },
      {
        "type": "Fairy",
        "color": "#e898e8"
      }
    ],
    "spawn_rate": "101"
  },
  "40": {
    "name": "Wigglytuff",
    "rarity": "Ultra Rare",
    "types": [
      {
        "type": "Normal",
        "color": "#8a8a59"
      },
      {
        "type": "Fairy",
        "color": "#e898e8"
      }
    ],
    "spawn_rate": "2051"
  },
  "41": {
    "name": "Zubat",
    "rarity": "Common",
    "types": [
      {
        "type": "Poison",
        "color": "#a040a0"
      },
      {
        "type": "Flying",
        "color": "#a890f0"
      }
    ],
    "spawn_rate": "24"
  },
  "42": {
    "name": "Golbat",
    "rarity": "Rare",
    "types": [
      {
        "type": "Poison",
        "color": "#a040a0"
      },
      {
        "type": "Flying",
        "color": "#a890f0"
      }
    ],
    "spawn_rate": "209"
  },
  "43": {
    "name": "Oddish",
    "rarity": "Uncommon",
    "types": [
      {
        "type": "Grass",
        "color": "#78c850"
      },
      {
        "type": "Poison",
        "color": "#a040a0"
      }
    ],
    "spawn_rate": "91"
  },
  "44": {
    "name": "Gloom",
    "rarity": "Very Rare",
    "types": [
      {
        "type": "Grass",
        "color": "#78c850"
      },
      {
        "type": "Poison",
        "color": "#a040a0"
      }
    ],
    "spawn_rate": "592"
  },
  "45": {
    "name": "Vileplume",
    "rarity": "Ultra Rare",
    "types": [
      {
        "type": "Grass",
        "color": "#78c850"
      },
      {
        "type": "Poison",
        "color": "#a040a0"
      }
    ],
    "spawn_rate": "1864"
  },
  "46": {
    "name": "Paras",
    "rarity": "Uncommon",
    "types": [
      {
        "type": "Bug",
        "color": "#a8b820"
      },
      {
        "type": "Grass",
        "color": "#78c850"
      }
    ],
    "spawn_rate": "44"
  },
  "47": {
    "name": "Parasect",
    "rarity": "Rare",
    "types": [
      {
        "type": "Bug",
        "color": "#a8b820"
      },
      {
        "type": "Grass",
        "color": "#78c850"
      }
    ],
    "spawn_rate": "397"
  },
  "48": {
    "name": "Venonat",
    "rarity": "Uncommon",
    "types": [
      {
        "type": "Bug",
        "color": "#a8b820"
      },
      {
        "type": "Poison",
        "color": "#a040a0"
      }
    ],
    "spawn_rate": "38"
  },
  "49": {
    "name": "Venomoth",
    "rarity": "Rare",
    "types": [
      {
        "type": "Bug",
        "color": "#a8b820"
      },
      {
        "type": "Poison",
        "color": "#a040a0"
      }
    ],
    "spawn_rate": "300"
  },
  "50": {
    "name": "Diglett",
    "rarity": "Rare",
    "types": [
      {
        "type": "Ground",
        "color": "#e0c068"
      }
    ],
    "spawn_rate": "211"
  },
  "51": {
    "name": "Dugtrio",
    "rarity": "Ultra Rare",
    "types": [
      {
        "type": "Ground",
        "color": "#e0c068"
      }
    ],
    "spawn_rate": "1663"
  },
  "52": {
    "name": "Meowth",
    "rarity": "Rare",
    "types": [
      {
        "type": "Normal",
        "color": "#8a8a59"
      }
    ],
    "spawn_rate": "106"
  },
  "53": {
    "name": "Persian",
    "rarity": "Very Rare",
    "types": [
      {
        "type": "Normal",
        "color": "#8a8a59"
      }
    ],
    "spawn_rate": "1282"
  },
  "54": {
    "name": "Psyduck",
    "rarity": "Rare",
    "types": [
      {
        "type": "Water",
        "color": "#6890f0"
      }
    ],
    "spawn_rate": "108"
  },
  "55": {
    "name": "Golduck",
    "rarity": "Very Rare",
    "types": [
      {
        "type": "Water",
        "color": "#6890f0"
      }
    ],
    "spawn_rate": "707"
  },
  "56": {
    "name": "Mankey",
    "rarity": "Rare",
    "types": [
      {
        "type": "Fighting",
        "color": "#c03028"
      }
    ],
    "spawn_rate": "114"
  },
  "57": {
    "name": "Primeape",
    "rarity": "Very Rare",
    "types": [
      {
        "type": "Fighting",
        "color": "#c03028"
      }
    ],
    "spawn_rate": "1061"
  },
  "58": {
    "name": "Growlithe",
    "rarity": "Uncommon",
    "types": [
      {
        "type": "Fire",
        "color": "#f08030"
      }
    ],
    "spawn_rate": "77"
  },
  "59": {
    "name": "Arcanine",
    "rarity": "Very Rare",
    "types": [
      {
        "type": "Fire",
        "color": "#f08030"
      }
    ],
    "spawn_rate": "932"
  },
  "60": {
    "name": "Poliwag",
    "rarity": "Uncommon",
    "types": [
      {
        "type": "Water",
        "color": "#6890f0"
      }
    ],
    "spawn_rate": "95"
  },
  "61": {
    "name": "Poliwhirl",
    "rarity": "Rare",
    "types": [
      {
        "type": "Water",
        "color": "#6890f0"
      }
    ],
    "spawn_rate": "481"
  },
  "62": {
    "name": "Poliwrath",
    "rarity": "Ultra Rare",
    "types": [
      {
        "type": "Water",
        "color": "#6890f0"
      }
    ],
    "spawn_rate": "1709"
  },
  "63": {
    "name": "Abra",
    "rarity": "Rare",
    "types": [
      {
        "type": "Psychic",
        "color": "#f85888"
      }
    ],
    "spawn_rate": "104"
  },
  "64": {
    "name": "Kadabra",
    "rarity": "Very Rare",
    "types": [
      {
        "type": "Psychic",
        "color": "#f85888"
      }
    ],
    "spawn_rate": "779"
  },
  "65": {
    "name": "Alakazam",
    "rarity": "Ultra Rare",
    "types": [
      {
        "type": "Psychic",
        "color": "#f85888"
      }
    ],
    "spawn_rate": "2461"
  },
  "66": {
    "name": "Machop",
    "rarity": "Rare",
    "types": [
      {
        "type": "Fighting",
        "color": "#c03028"
      }
    ],
    "spawn_rate": "217"
  },
  "67": {
    "name": "Machoke",
    "rarity": "Very Rare",
    "types": [
      {
        "type": "Fighting",
        "color": "#c03028"
      }
    ],
    "spawn_rate": "1465"
  },
  "68": {
    "name": "Machamp",
    "rarity": "Ultra Rare",
    "types": [
      {
        "type": "Fighting",
        "color": "#c03028"
      }
    ],
    "spawn_rate": "3418"
  },
  "69": {
    "name": "Bellsprout",
    "rarity": "Uncommon",
    "types": [
      {
        "type": "Grass",
        "color": "#78c850"
      },
      {
        "type": "Poison",
        "color": "#a040a0"
      }
    ],
    "spawn_rate": "86"
  },
  "70": {
    "name": "Weepinbell",
    "rarity": "Rare",
    "types": [
      {
        "type": "Grass",
        "color": "#78c850"
      },
      {
        "type": "Poison",
        "color": "#a040a0"
      }
    ],
    "spawn_rate": "496"
  },
  "71": {
    "name": "Victreebel",
    "rarity": "Ultra Rare",
    "types": [
      {
        "type": "Grass",
        "color": "#78c850"
      },
      {
        "type": "Poison",
        "color": "#a040a0"
      }
    ],
    "spawn_rate": "2051"
  },
  "72": {
    "name": "Tentacool",
    "rarity": "Rare",
    "types": [
      {
        "type": "Water",
        "color": "#6890f0"
      },
      {
        "type": "Poison",
        "color": "#a040a0"
      }
    ],
    "spawn_rate": "275"
  },
  "73": {
    "name": "Tentacruel",
    "rarity": "Very Rare",
    "types": [
      {
        "type": "Water",
        "color": "#6890f0"
      },
      {
        "type": "Poison",
        "color": "#a040a0"
      }
    ],
    "spawn_rate": "615"
  },
  "74": {
    "name": "Geodude",
    "rarity": "Rare",
    "types": [
      {
        "type": "Rock",
        "color": "#b8a038"
      },
      {
        "type": "Ground",
        "color": "#e0c068"
      }
    ],
    "spawn_rate": "121"
  },
  "75": {
    "name": "Graveler",
    "rarity": "Very Rare",
    "types": [
      {
        "type": "Rock",
        "color": "#b8a038"
      },
      {
        "type": "Ground",
        "color": "#e0c068"
      }
    ],
    "spawn_rate": "707"
  },
  "76": {
    "name": "Golem",
    "rarity": "Ultra Rare",
    "types": [
      {
        "type": "Rock",
        "color": "#b8a038"
      },
      {
        "type": "Ground",
        "color": "#e0c068"
      }
    ],
    "spawn_rate": "2797"
  },
  "77": {
    "name": "Ponyta",
    "rarity": "Rare",
    "types": [
      {
        "type": "Fire",
        "color": "#f08030"
      }
    ],
    "spawn_rate": "121"
  },
  "78": {
    "name": "Rapidash",
    "rarity": "Very Rare",
    "types": [
      {
        "type": "Fire",
        "color": "#f08030"
      }
    ],
    "spawn_rate": "992"
  },
  "79": {
    "name": "Slowpoke",
    "rarity": "Rare",
    "types": [
      {
        "type": "Water",
        "color": "#6890f0"
      },
      {
        "type": "Psychic",
        "color": "#f85888"
      }
    ],
    "spawn_rate": "175"
  },
  "80": {
    "name": "Slowbro",
    "rarity": "Very Rare",
    "types": [
      {
        "type": "Water",
        "color": "#6890f0"
      },
      {
        "type": "Psychic",
        "color": "#f85888"
      }
    ],
    "spawn_rate": "947"
  },
  "81": {
    "name": "Magnemite",
    "rarity": "Rare",
    "types": [
      {
        "type": "Electric",
        "color": "#f8d030"
      },
      {
        "type": "Steel",
        "color": "#b8b8d0"
      }
    ],
    "spawn_rate": "200"
  },
  "82": {
    "name": "Magneton",
    "rarity": "Ultra Rare",
    "types": [
      {
        "type": "Electric",
        "color": "#f8d030"
      },
      {
        "type": "Steel",
        "color": "#b8b8d0"
      }
    ],
    "spawn_rate": "2051"
  },
  "83": {
    "name": "Farfetch'd",
    "rarity": "Ultra Rare",
    "types": [
      {
        "type": "Normal",
        "color": "#8a8a59"
      },
      {
        "type": "Flying",
        "color": "#a890f0"
      }
    ],
    "spawn_rate": "61527"
  },
  "84": {
    "name": "Doduo",
    "rarity": "Uncommon",
    "types": [
      {
        "type": "Normal",
        "color": "#8a8a59"
      },
      {
        "type": "Flying",
        "color": "#a890f0"
      }
    ],
    "spawn_rate": "77"
  },
  "85": {
    "name": "Dodrio",
    "rarity": "Very Rare",
    "types": [
      {
        "type": "Normal",
        "color": "#8a8a59"
      },
      {
        "type": "Flying",
        "color": "#a890f0"
      }
    ],
    "spawn_rate": "634"
  },
  "86": {
    "name": "Seel",
    "rarity": "Rare",
    "types": [
      {
        "type": "Water",
        "color": "#6890f0"
      }
    ],
    "spawn_rate": "196"
  },
  "87": {
    "name": "Dewgong",
    "rarity": "Ultra Rare",
    "types": [
      {
        "type": "Water",
        "color": "#6890f0"
      },
      {
        "type": "Ice",
        "color": "#98d8d8"
      }
    ],
    "spawn_rate": "1578"
  },
  "88": {
    "name": "Grimer",
    "rarity": "Very Rare",
    "types": [
      {
        "type": "Poison",
        "color": "#a040a0"
      }
    ],
    "spawn_rate": "879"
  },
  "89": {
    "name": "Muk",
    "rarity": "Ultra Rare",
    "types": [
      {
        "type": "Poison",
        "color": "#a040a0"
      }
    ],
    "spawn_rate": "7691"
  },
  "90": {
    "name": "Shellder",
    "rarity": "Rare",
    "types": [
      {
        "type": "Water",
        "color": "#6890f0"
      }
    ],
    "spawn_rate": "177"
  },
  "91": {
    "name": "Cloyster",
    "rarity": "Ultra Rare",
    "types": [
      {
        "type": "Water",
        "color": "#6890f0"
      },
      {
        "type": "Ice",
        "color": "#98d8d8"
      }
    ],
    "spawn_rate": "1578"
  },
  "92": {
    "name": "Gastly",
    "rarity": "Uncommon",
    "types": [
      {
        "type": "Ghost",
        "color": "#705898"
      },
      {
        "type": "Poison",
        "color": "#a040a0"
      }
    ],
    "spawn_rate": "77"
  },
  "93": {
    "name": "Haunter",
    "rarity": "Rare",
    "types": [
      {
        "type": "Ghost",
        "color": "#705898"
      },
      {
        "type": "Poison",
        "color": "#a040a0"
      }
    ],
    "spawn_rate": "419"
  },
  "94": {
    "name": "Gengar",
    "rarity": "Ultra Rare",
    "types": [
      {
        "type": "Ghost",
        "color": "#705898"
      },
      {
        "type": "Poison",
        "color": "#a040a0"
      }
    ],
    "spawn_rate": "1758"
  },
  "95": {
    "name": "Onix",
    "rarity": "Rare",
    "types": [
      {
        "type": "Rock",
        "color": "#b8a038"
      },
      {
        "type": "Ground",
        "color": "#e0c068"
      }
    ],
    "spawn_rate": "269"
  },
  "96": {
    "name": "Drowzee",
    "rarity": "Uncommon",
    "types": [
      {
        "type": "Psychic",
        "color": "#f85888"
      }
    ],
    "spawn_rate": "39"
  },
  "97": {
    "name": "Hypno",
    "rarity": "Rare",
    "types": [
      {
        "type": "Psychic",
        "color": "#f85888"
      }
    ],
    "spawn_rate": "322"
  },
  "98": {
    "name": "Krabby",
    "rarity": "Uncommon",
    "types": [
      {
        "type": "Water",
        "color": "#6890f0"
      }
    ],
    "spawn_rate": "73"
  },
  "99": {
    "name": "Kingler",
    "rarity": "Very Rare",
    "types": [
      {
        "type": "Water",
        "color": "#6890f0"
      }
    ],
    "spawn_rate": "530"
  },
  "100": {
    "name": "Voltorb",
    "rarity": "Rare",
    "types": [
      {
        "type": "Electric",
        "color": "#f8d030"
      }
    ],
    "spawn_rate": "276"
  },
  "101": {
    "name": "Electrode",
    "rarity": "Ultra Rare",
    "types": [
      {
        "type": "Electric",
        "color": "#f8d030"
      }
    ],
    "spawn_rate": "1985"
  },
  "102": {
    "name": "Exeggcute",
    "rarity": "Rare",
    "types": [
      {
        "type": "Grass",
        "color": "#78c850"
      },
      {
        "type": "Psychic",
        "color": "#f85888"
      }
    ],
    "spawn_rate": "123"
  },
  "103": {
    "name": "Exeggutor",
    "rarity": "Very Rare",
    "types": [
      {
        "type": "Grass",
        "color": "#78c850"
      },
      {
        "type": "Psychic",
        "color": "#f85888"
      }
    ],
    "spawn_rate": "1231"
  },
  "104": {
    "name": "Cubone",
    "rarity": "Rare",
    "types": [
      {
        "type": "Ground",
        "color": "#e0c068"
      }
    ],
    "spawn_rate": "163"
  },
  "105": {
    "name": "Marowak",
    "rarity": "Very Rare",
    "types": [
      {
        "type": "Ground",
        "color": "#e0c068"
      }
    ],
    "spawn_rate": "1431"
  },
  "106": {
    "name": "Hitmonlee",
    "rarity": "Very Rare",
    "types": [
      {
        "type": "Fighting",
        "color": "#c03028"
      }
    ],
    "spawn_rate": "504"
  },
  "107": {
    "name": "Hitmonchan",
    "rarity": "Rare",
    "types": [
      {
        "type": "Fighting",
        "color": "#c03028"
      }
    ],
    "spawn_rate": "446"
  },
  "108": {
    "name": "Lickitung",
    "rarity": "Rare",
    "types": [
      {
        "type": "Normal",
        "color": "#8a8a59"
      }
    ],
    "spawn_rate": "443"
  },
  "109": {
    "name": "Koffing",
    "rarity": "Rare",
    "types": [
      {
        "type": "Poison",
        "color": "#a040a0"
      }
    ],
    "spawn_rate": "213"
  },
  "110": {
    "name": "Weezing",
    "rarity": "Very Rare",
    "types": [
      {
        "type": "Poison",
        "color": "#a040a0"
      }
    ],
    "spawn_rate": "1398"
  },
  "111": {
    "name": "Rhyhorn",
    "rarity": "Rare",
    "types": [
      {
        "type": "Ground",
        "color": "#e0c068"
      },
      {
        "type": "Rock",
        "color": "#b8a038"
      }
    ],
    "spawn_rate": "110"
  },
  "112": {
    "name": "Rhydon",
    "rarity": "Very Rare",
    "types": [
      {
        "type": "Ground",
        "color": "#e0c068"
      },
      {
        "type": "Rock",
        "color": "#b8a038"
      }
    ],
    "spawn_rate": "867"
  },
  "113": {
    "name": "Chansey",
    "rarity": "Very Rare",
    "types": [
      {
        "type": "Normal",
        "color": "#8a8a59"
      }
    ],
    "spawn_rate": "1256"
  },
  "114": {
    "name": "Tangela",
    "rarity": "Rare",
    "types": [
      {
        "type": "Grass",
        "color": "#78c850"
      }
    ],
    "spawn_rate": "346"
  },
  "115": {
    "name": "Kangaskhan",
    "rarity": "Ultra Rare",
    "types": [
      {
        "type": "Normal",
        "color": "#8a8a59"
      }
    ],
    "spawn_rate": "2461"
  },
  "116": {
    "name": "Horsea",
    "rarity": "Rare",
    "types": [
      {
        "type": "Water",
        "color": "#6890f0"
      }
    ],
    "spawn_rate": "104"
  },
  "117": {
    "name": "Seadra",
    "rarity": "Very Rare",
    "types": [
      {
        "type": "Water",
        "color": "#6890f0"
      }
    ],
    "spawn_rate": "760"
  },
  "118": {
    "name": "Goldeen",
    "rarity": "Rare",
    "types": [
      {
        "type": "Water",
        "color": "#6890f0"
      }
    ],
    "spawn_rate": "103"
  },
  "119": {
    "name": "Seaking",
    "rarity": "Very Rare",
    "types": [
      {
        "type": "Water",
        "color": "#6890f0"
      }
    ],
    "spawn_rate": "684"
  },
  "120": {
    "name": "Staryu",
    "rarity": "Uncommon",
    "types": [
      {
        "type": "Water",
        "color": "#6890f0"
      }
    ],
    "spawn_rate": "97"
  },
  "121": {
    "name": "Starmie",
    "rarity": "Very Rare",
    "types": [
      {
        "type": "Water",
        "color": "#6890f0"
      },
      {
        "type": "Psychic",
        "color": "#f85888"
      }
    ],
    "spawn_rate": "1206"
  },
  "122": {
    "name": "Mr. Mime",
    "rarity": "Very Rare",
    "types": [
      {
        "type": "Psychic",
        "color": "#f85888"
      },
      {
        "type": "Fairy",
        "color": "#e898e8"
      }
    ],
    "spawn_rate": "1431"
  },
  "123": {
    "name": "Scyther",
    "rarity": "Rare",
    "types": [
      {
        "type": "Bug",
        "color": "#a8b820"
      },
      {
        "type": "Flying",
        "color": "#a890f0"
      }
    ],
    "spawn_rate": "155"
  },
  "124": {
    "name": "Jynx",
    "rarity": "Rare",
    "types": [
      {
        "type": "Ice",
        "color": "#98d8d8"
      },
      {
        "type": "Psychic",
        "color": "#f85888"
      }
    ],
    "spawn_rate": "152"
  },
  "125": {
    "name": "Electabuzz",
    "rarity": "Rare",
    "types": [
      {
        "type": "Electric",
        "color": "#f8d030"
      }
    ],
    "spawn_rate": "261"
  },
  "126": {
    "name": "Magmar",
    "rarity": "Rare",
    "types": [
      {
        "type": "Fire",
        "color": "#f08030"
      }
    ],
    "spawn_rate": "213"
  },
  "127": {
    "name": "Pinsir",
    "rarity": "Uncommon",
    "types": [
      {
        "type": "Bug",
        "color": "#a8b820"
      }
    ],
    "spawn_rate": "99"
  },
  "128": {
    "name": "Tauros",
    "rarity": "Rare",
    "types": [
      {
        "type": "Normal",
        "color": "#8a8a59"
      }
    ],
    "spawn_rate": "153"
  },
  "129": {
    "name": "Magikarp",
    "rarity": "Uncommon",
    "types": [
      {
        "type": "Water",
        "color": "#6890f0"
      }
    ],
    "spawn_rate": "79"
  },
  "130": {
    "name": "Gyarados",
    "rarity": "Ultra Rare",
    "types": [
      {
        "type": "Water",
        "color": "#6890f0"
      },
      {
        "type": "Flying",
        "color": "#a890f0"
      }
    ],
    "spawn_rate": "2279"
  },
  "131": {
    "name": "Lapras",
    "rarity": "Very Rare",
    "types": [
      {
        "type": "Water",
        "color": "#6890f0"
      },
      {
        "type": "Ice",
        "color": "#98d8d8"
      }
    ],
    "spawn_rate": "1183"
  },
  "132": {
    "name": "Ditto",
    "rarity": "Ultra Rare",
    "types": [
      {
        "type": "Normal",
        "color": "#8a8a59"
      }
    ],
    "spawn_rate": "30764"
  },
  "133": {
    "name": "Eevee",
    "rarity": "Common",
    "types": [
      {
        "type": "Normal",
        "color": "#8a8a59"
      }
    ],
    "spawn_rate": "24"
  },
  "134": {
    "name": "Vaporeon",
    "rarity": "Very Rare",
    "types": [
      {
        "type": "Water",
        "color": "#6890f0"
      }
    ],
    "spawn_rate": "1465"
  },
  "135": {
    "name": "Jolteon",
    "rarity": "Very Rare",
    "types": [
      {
        "type": "Electric",
        "color": "#f8d030"
      }
    ],
    "spawn_rate": "1309"
  },
  "136": {
    "name": "Flareon",
    "rarity": "Ultra Rare",
    "types": [
      {
        "type": "Fire",
        "color": "#f08030"
      }
    ],
    "spawn_rate": "1568"
  },
  "137": {
    "name": "Porygon",
    "rarity": "Very Rare",
    "types": [
      {
        "type": "Normal",
        "color": "#8a8a59"
      }
    ],
    "spawn_rate": "867"
  },
  "138": {
    "name": "Omanyte",
    "rarity": "Rare",
    "types": [
      {
        "type": "Rock",
        "color": "#b8a038"
      },
      {
        "type": "Water",
        "color": "#6890f0"
      }
    ],
    "spawn_rate": "346"
  },
  "139": {
    "name": "Omastar",
    "rarity": "Ultra Rare",
    "types": [
      {
        "type": "Rock",
        "color": "#b8a038"
      },
      {
        "type": "Water",
        "color": "#6890f0"
      }
    ],
    "spawn_rate": "6153"
  },
  "140": {
    "name": "Kabuto",
    "rarity": "Rare",
    "types": [
      {
        "type": "Rock",
        "color": "#b8a038"
      },
      {
        "type": "Water",
        "color": "#6890f0"
      }
    ],
    "spawn_rate": "356"
  },
  "141": {
    "name": "Kabutops",
    "rarity": "Ultra Rare",
    "types": [
      {
        "type": "Rock",
        "color": "#b8a038"
      },
      {
        "type": "Water",
        "color": "#6890f0"
      }
    ],
    "spawn_rate": "2930"
  },
  "142": {
    "name": "Aerodactyl",
    "rarity": "Very Rare",
    "types": [
      {
        "type": "Rock",
        "color": "#b8a038"
      },
      {
        "type": "Flying",
        "color": "#a890f0"
      }
    ],
    "spawn_rate": "879"
  },
  "143": {
    "name": "Snorlax",
    "rarity": "Rare",
    "types": [
      {
        "type": "Normal",
        "color": "#8a8a59"
      }
    ],
    "spawn_rate": "284"
  },
  "144": {
    "name": "Articuno",
    "rarity": "Ultra Rare",
    "types": [
      {
        "type": "Ice",
        "color": "#98d8d8"
      },
      {
        "type": "Flying",
        "color": "#a890f0"
      }
    ],
    "spawn_rate": "99999"
  },
  "145": {
    "name": "Zapdos",
    "rarity": "Ultra Rare",
    "types": [
      {
        "type": "Electric",
        "color": "#f8d030"
      },
      {
        "type": "Flying",
        "color": "#a890f0"
      }
    ],
    "spawn_rate": "99999"
  },
  "146": {
    "name": "Moltres",
    "rarity": "Ultra Rare",
    "types": [
      {
        "type": "Fire",
        "color": "#f08030"
      },
      {
        "type": "Flying",
        "color": "#a890f0"
      }
    ],
    "spawn_rate": "99999"
  },
  "147": {
    "name": "Dratini",
    "rarity": "Uncommon",
    "types": [
      {
        "type": "Dragon",
        "color": "#7038f8"
      }
    ],
    "spawn_rate": "91"
  },
  "148": {
    "name": "Dragonair",
    "rarity": "Very Rare",
    "types": [
      {
        "type": "Dragon",
        "color": "#7038f8"
      }
    ],
    "spawn_rate": "699"
  },
  "149": {
    "name": "Dragonite",
    "rarity": "Very Rare",
    "types": [
      {
        "type": "Dragon",
        "color": "#7038f8"
      },
      {
        "type": "Flying",
        "color": "#a890f0"
      }
    ],
    "spawn_rate": "580"
  },
  "150": {
    "name": "Mewtwo",
    "rarity": "Ultra Rare",
    "types": [
      {
        "type": "Psychic",
        "color": "#f85888"
      }
    ],
    "spawn_rate": "99999"
  },
  "151": {
    "name": "Mew",
    "rarity": "Ultra Rare",
    "types": [
      {
        "type": "Psychic",
        "color": "#f85888"
      }
    ],
    "spawn_rate": "99999"
  },
  "152": {
    "name": "Chikorita",
    "rarity": "",
    "types": [],
    "spawn_rate": ""
  },
  "153": {
    "name": "Bayleef",
    "rarity": "",
    "types": [],
    "spawn_rate": ""
  },
  "154": {
    "name": "Meganium",
    "rarity": "",
    "types": [],
    "spawn_rate": ""
  },
  "155": {
    "name": "Cyndaquil",
    "rarity": "",
    "types": [],
    "spawn_rate": ""
  },
  "156": {
    "name": "Quilava",
    "rarity": "",
    "types": [],
    "spawn_rate": ""
  },
  "157": {
    "name": "Typhlosion",
    "rarity": "",
    "types": [],
    "spawn_rate": ""
  },
  "158": {
    "name": "Totodile",
    "rarity": "",
    "types": [],
    "spawn_rate": ""
  },
  "159": {
    "name": "Croconaw",
    "rarity": "",
    "types": [],
    "spawn_rate": ""
  },
  "160": {
    "name": "Feraligatr",
    "rarity": "",
    "types": [],
    "spawn_rate": ""
  },
  "161": {
    "name": "Sentret",
    "rarity": "",
    "types": [],
    "spawn_rate": ""
  },
  "162": {
    "name": "Furret",
    "rarity": "",
    "types": [],
    "spawn_rate": ""
  },
  "163": {
    "name": "Hoothoot",
    "rarity": "",
    "types": [],
    "spawn_rate": ""
  },
  "164": {
    "name": "Noctowl",
    "rarity": "",
    "types": [],
    "spawn_rate": ""
  },
  "165": {
    "name": "Ledyba",
    "rarity": "",
    "types": [],
    "spawn_rate": ""
  },
  "166": {
    "name": "Ledian",
    "rarity": "",
    "types": [],
    "spawn_rate": ""
  },
  "167": {
    "name": "Spinarak",
    "rarity": "",
    "types": [],
    "spawn_rate": ""
  },
  "168": {
    "name": "Ariados",
    "rarity": "",
    "types": [],
    "spawn_rate": ""
  },
  "169": {
    "name": "Crobat",
    "rarity": "",
    "types": [],
    "spawn_rate": ""
  },
  "170": {
    "name": "Chinchou",
    "rarity": "",
    "types": [],
    "spawn_rate": ""
  },
  "171": {
    "name": "Lanturn",
    "rarity": "",
    "types": [],
    "spawn_rate": ""
  },
  "172": {
    "name": "Pichu",
    "rarity": "",
    "types": [],
    "spawn_rate": ""
  },
  "173": {
    "name": "Cleffa",
    "rarity": "",
    "types": [],
    "spawn_rate": ""
  },
  "174": {
    "name": "Igglybuff",
    "rarity": "",
    "types": [],
    "spawn_rate": ""
  },
  "175": {
    "name": "Togepi",
    "rarity": "",
    "types": [],
    "spawn_rate": ""
  },
  "176": {
    "name": "Togetic",
    "rarity": "",
    "types": [],
    "spawn_rate": ""
  },
  "177": {
    "name": "Natu",
    "rarity": "",
    "types": [],
    "spawn_rate": ""
  },
  "178": {
    "name": "Xatu",
    "rarity": "",
    "types": [],
    "spawn_rate": ""
  },
  "179": {
    "name": "Mareep",
    "rarity": "",
    "types": [],
    "spawn_rate": ""
  },
  "180": {
    "name": "Flaaffy",
    "rarity": "",
    "types": [],
    "spawn_rate": ""
  },
  "181": {
    "name": "Ampharos",
    "rarity": "",
    "types": [],
    "spawn_rate": ""
  },
  "182": {
    "name": "Bellossom",
    "rarity": "",
    "types": [],
    "spawn_rate": ""
  },
  "183": {
    "name": "Marill",
    "rarity": "",
    "types": [],
    "spawn_rate": ""
  },
  "184": {
    "name": "Azumarill",
    "rarity": "",
    "types": [],
    "spawn_rate": ""
  },
  "185": {
    "name": "Sudowoodo",
    "rarity": "",
    "types": [],
    "spawn_rate": ""
  },
  "186": {
    "name": "Politoed",
    "rarity": "",
    "types": [],
    "spawn_rate": ""
  },
  "187": {
    "name": "Hoppip",
    "rarity": "",
    "types": [],
    "spawn_rate": ""
  },
  "188": {
    "name": "Skiploom",
    "rarity": "",
    "types": [],
    "spawn_rate": ""
  },
  "189": {
    "name": "Jumpluff",
    "rarity": "",
    "types": [],
    "spawn_rate": ""
  },
  "190": {
    "name": "Aipom",
    "rarity": "",
    "types": [],
    "spawn_rate": ""
  },
  "191": {
    "name": "Sunkern",
    "rarity": "",
    "types": [],
    "spawn_rate": ""
  },
  "192": {
    "name": "Sunflora",
    "rarity": "",
    "types": [],
    "spawn_rate": ""
  },
  "193": {
    "name": "Yanma",
    "rarity": "",
    "types": [],
    "spawn_rate": ""
  },
  "194": {
    "name": "Wooper",
    "rarity": "",
    "types": [],
    "spawn_rate": ""
  },
  "195": {
    "name": "Quagsire",
    "rarity": "",
    "types": [],
    "spawn_rate": ""
  },
  "196": {
    "name": "Espeon",
    "rarity": "",
    "types": [],
    "spawn_rate": ""
  },
  "197": {
    "name": "Umbreon",
    "rarity": "",
    "types": [],
    "spawn_rate": ""
  },
  "198": {
    "name": "Murkrow",
    "rarity": "",
    "types": [],
    "spawn_rate": ""
  },
  "199": {
    "name": "Slowking",
    "rarity": "",
    "types": [],
    "spawn_rate": ""
  },
  "200": {
    "name": "Misdreavus",
    "rarity": "",
    "types": [],
    "spawn_rate": ""
  },
  "201": {
    "name": "Unown",
    "rarity": "",
    "types": [],
    "spawn_rate": ""
  },
  "202": {
    "name": "Wobbuffet",
    "rarity": "",
    "types": [],
    "spawn_rate": ""
  },
  "203": {
    "name": "Girafarig",
    "rarity": "",
    "types": [],
    "spawn_rate": ""
  },
  "204": {
    "name": "Pineco",
    "rarity": "",
    "types": [],
    "spawn_rate": ""
  },
  "205": {
    "name": "Forretress",
    "rarity": "",
    "types": [],
    "spawn_rate": ""
  },
  "206": {
    "name": "Dunsparce",
    "rarity": "",
    "types": [],
    "spawn_rate": ""
  },
  "207": {
    "name": "Gligar",
    "rarity": "",
    "types": [],
    "spawn_rate": ""
  },
  "208": {
    "name": "Steelix",
    "rarity": "",
    "types": [],
    "spawn_rate": ""
  },
  "209": {
    "name": "Snubbull",
    "rarity": "",
    "types": [],
    "spawn_rate": ""
  },
  "210": {
    "name": "Granbull",
    "rarity": "",
    "types": [],
    "spawn_rate": ""
  },
  "211": {
    "name": "Qwilfish",
    "rarity": "",
    "types": [],
    "spawn_rate": ""
  },
  "212": {
    "name": "Scizor",
    "rarity": "",
    "types": [],
    "spawn_rate": ""
  },
  "213": {
    "name": "Shuckle",
    "rarity": "",
    "types": [],
    "spawn_rate": ""
  },
  "214": {
    "name": "Heracross",
    "rarity": "",
    "types": [],
    "spawn_rate": ""
  },
  "215": {
    "name": "Sneasel",
    "rarity": "",
    "types": [],
    "spawn_rate": ""
  },
  "216": {
    "name": "Teddiursa",
    "rarity": "",
    "types": [],
    "spawn_rate": ""
  },
  "217": {
    "name": "Ursaring",
    "rarity": "",
    "types": [],
    "spawn_rate": ""
  },
  "218": {
    "name": "Slugma",
    "rarity": "",
    "types": [],
    "spawn_rate": ""
  },
  "219": {
    "name": "Magcargo",
    "rarity": "",
    "types": [],
    "spawn_rate": ""
  },
  "220": {
    "name": "Swinub",
    "rarity": "",
    "types": [],
    "spawn_rate": ""
  },
  "221": {
    "name": "Piloswine",
    "rarity": "",
    "types": [],
    "spawn_rate": ""
  },
  "222": {
    "name": "Corsola",
    "rarity": "",
    "types": [],
    "spawn_rate": ""
  },
  "223": {
    "name": "Remoraid",
    "rarity": "",
    "types": [],
    "spawn_rate": ""
  },
  "224": {
    "name": "Octillery",
    "rarity": "",
    "types": [],
    "spawn_rate": ""
  },
  "225": {
    "name": "Delibird",
    "rarity": "",
    "types": [],
    "spawn_rate": ""
  },
  "226": {
    "name": "Mantine",
    "rarity": "",
    "types": [],
    "spawn_rate": ""
  },
  "227": {
    "name": "Skarmory",
    "rarity": "",
    "types": [],
    "spawn_rate": ""
  },
  "228": {
    "name": "Houndour",
    "rarity": "",
    "types": [],
    "spawn_rate": ""
  },
  "229": {
    "name": "Houndoom",
    "rarity": "",
    "types": [],
    "spawn_rate": ""
  },
  "230": {
    "name": "Kingdra",
    "rarity": "",
    "types": [],
    "spawn_rate": ""
  },
  "231": {
    "name": "Phanpy",
    "rarity": "",
    "types": [],
    "spawn_rate": ""
  },
  "232": {
    "name": "Donphan",
    "rarity": "",
    "types": [],
    "spawn_rate": ""
  },
  "233": {
    "name": "Porygon2",
    "rarity": "",
    "types": [],
    "spawn_rate": ""
  },
  "234": {
    "name": "Stantler",
    "rarity": "",
    "types": [],
    "spawn_rate": ""
  },
  "235": {
    "name": "Smeargle",
    "rarity": "",
    "types": [],
    "spawn_rate": ""
  },
  "236": {
    "name": "Tyrogue",
    "rarity": "",
    "types": [],
    "spawn_rate": ""
  },
  "237": {
    "name": "Hitmontop",
    "rarity": "",
    "types": [],
    "spawn_rate": ""
  },
  "238": {
    "name": "Smoochum",
    "rarity": "",
    "types": [],
    "spawn_rate": ""
  },
  "239": {
    "name": "Elekid",
    "rarity": "",
    "types": [],
    "spawn_rate": ""
  },
  "240": {
    "name": "Magby",
    "rarity": "",
    "types": [],
    "spawn_rate": ""
  },
  "241": {
    "name": "Miltank",
    "rarity": "",
    "types": [],
    "spawn_rate": ""
  },
  "242": {
    "name": "Blissey",
    "rarity": "",
    "types": [],
    "spawn_rate": ""
  },
  "243": {
    "name": "Raikou",
    "rarity": "",
    "types": [],
    "spawn_rate": ""
  },
  "244": {
    "name": "Entei",
    "rarity": "",
    "types": [],
    "spawn_rate": ""
  },
  "245": {
    "name": "Suicune",
    "rarity": "",
    "types": [],
    "spawn_rate": ""
  },
  "246": {
    "name": "Larvitar",
    "rarity": "",
    "types": [],
    "spawn_rate": ""
  },
  "247": {
    "name": "Pupitar",
    "rarity": "",
    "types": [],
    "spawn_rate": ""
  },
  "248": {
    "name": "Tyranitar",
    "rarity": "",
    "types": [],
    "spawn_rate": ""
  },
  "249": {
    "name": "Lugia",
    "rarity": "",
    "types": [],
    "spawn_rate": ""
  },
  "250": {
    "name": "Ho-Oh",
    "rarity": "",
    "types": [],
    "spawn_rate": ""
  },
  "251": {
    "name": "Celebi",
    "rarity": "",
    "types": [],
    "spawn_rate": ""
  },
  "252": {
    "name": "Treecko",
    "rarity": "",
    "types": [],
    "spawn_rate": ""
  },
  "253": {
    "name": "Grovyle",
    "rarity": "",
    "types": [],
    "spawn_rate": ""
  },
  "254": {
    "name": "Sceptile",
    "rarity": "",
    "types": [],
    "spawn_rate": ""
  },
  "255": {
    "name": "Torchic",
    "rarity": "",
    "types": [],
    "spawn_rate": ""
  },
  "256": {
    "name": "Combusken",
    "rarity": "",
    "types": [],
    "spawn_rate": ""
  },
  "257": {
    "name": "Blaziken",
    "rarity": "",
    "types": [],
    "spawn_rate": ""
  },
  "258": {
    "name": "Mudkip",
    "rarity": "",
    "types": [],
    "spawn_rate": ""
  },
  "259": {
    "name": "Marshtomp",
    "rarity": "",
    "types": [],
    "spawn_rate": ""
  },
  "260": {
    "name": "Swampert",
    "rarity": "",
    "types": [],
    "spawn_rate": ""
  },
  "261": {
    "name": "Poochyena",
    "rarity": "",
    "types": [],
    "spawn_rate": ""
  },
  "262": {
    "name": "Mightyena",
    "rarity": "",
    "types": [],
    "spawn_rate": ""
  },
  "263": {
    "name": "Zigzagoon",
    "rarity": "",
    "types": [],
    "spawn_rate": ""
  },
  "264": {
    "name": "Linoone",
    "rarity": "",
    "types": [],
    "spawn_rate": ""
  },
  "265": {
    "name": "Wurmple",
    "rarity": "",
    "types": [],
    "spawn_rate": ""
  },
  "266": {
    "name": "Silcoon",
    "rarity": "",
    "types": [],
    "spawn_rate": ""
  },
  "267": {
    "name": "Beautifly",
    "rarity": "",
    "types": [],
    "spawn_rate": ""
  },
  "268": {
    "name": "Cascoon",
    "rarity": "",
    "types": [],
    "spawn_rate": ""
  },
  "269": {
    "name": "Dustox",
    "rarity": "",
    "types": [],
    "spawn_rate": ""
  },
  "270": {
    "name": "Lotad",
    "rarity": "",
    "types": [],
    "spawn_rate": ""
  },
  "271": {
    "name": "Lombre",
    "rarity": "",
    "types": [],
    "spawn_rate": ""
  },
  "272": {
    "name": "Ludicolo",
    "rarity": "",
    "types": [],
    "spawn_rate": ""
  },
  "273": {
    "name": "Seedot",
    "rarity": "",
    "types": [],
    "spawn_rate": ""
  },
  "274": {
    "name": "Nuzleaf",
    "rarity": "",
    "types": [],
    "spawn_rate": ""
  },
  "275": {
    "name": "Shiftry",
    "rarity": "",
    "types": [],
    "spawn_rate": ""
  },
  "276": {
    "name": "Taillow",
    "rarity": "",
    "types": [],
    "spawn_rate": ""
  },
  "277": {
    "name": "Swellow",
    "rarity": "",
    "types": [],
    "spawn_rate": ""
  },
  "278": {
    "name": "Wingull",
    "rarity": "",
    "types": [],
    "spawn_rate": ""
  },
  "279": {
    "name": "Pelipper",
    "rarity": "",
    "types": [],
    "spawn_rate": ""
  },
  "280": {
    "name": "Ralts",
    "rarity": "",
    "types": [],
    "spawn_rate": ""
  },
  "281": {
    "name": "Kirlia",
    "rarity": "",
    "types": [],
    "spawn_rate": ""
  },
  "282": {
    "name": "Gardevoir",
    "rarity": "",
    "types": [],
    "spawn_rate": ""
  },
  "283": {
    "name": "Surskit",
    "rarity": "",
    "types": [],
    "spawn_rate": ""
  },
  "284": {
    "name": "Masquerain",
    "rarity": "",
    "types": [],
    "spawn_rate": ""
  },
  "285": {
    "name": "Shroomish",
    "rarity": "",
    "types": [],
    "spawn_rate": ""
  },
  "286": {
    "name": "Breloom",
    "rarity": "",
    "types": [],
    "spawn_rate": ""
  },
  "287": {
    "name": "Slakoth",
    "rarity": "",
    "types": [],
    "spawn_rate": ""
  },
  "288": {
    "name": "Vigoroth",
    "rarity": "",
    "types": [],
    "spawn_rate": ""
  },
  "289": {
    "name": "Slaking",
    "rarity": "",
    "types": [],
    "spawn_rate": ""
  },
  "290": {
    "name": "Nincada",
    "rarity": "",
    "types": [],
    "spawn_rate": ""
  },
  "291": {
    "name": "Ninjask",
    "rarity": "",
    "types": [],
    "spawn_rate": ""
  },
  "292": {
    "name": "Shedinja",
    "rarity": "",
    "types": [],
    "spawn_rate": ""
  },
  "293": {
    "name": "Whismur",
    "rarity": "",
    "types": [],
    "spawn_rate": ""
  },
  "294": {
    "name": "Loudred",
    "rarity": "",
    "types": [],
    "spawn_rate": ""
  },
  "295": {
    "name": "Exploud",
    "rarity": "",
    "types": [],
    "spawn_rate": ""
  },
  "296": {
    "name": "Makuhita",
    "rarity": "",
    "types": [],
    "spawn_rate": ""
  },
  "297": {
    "name": "Hariyama",
    "rarity": "",
    "types": [],
    "spawn_rate": ""
  },
  "298": {
    "name": "Azurill",
    "rarity": "",
    "types": [],
    "spawn_rate": ""
  },
  "299": {
    "name": "Nosepass",
    "rarity": "",
    "types": [],
    "spawn_rate": ""
  },
  "300": {
    "name": "Skitty",
    "rarity": "",
    "types": [],
    "spawn_rate": ""
  },
  "301": {
    "name": "Delcatty",
    "rarity": "",
    "types": [],
    "spawn_rate": ""
  },
  "302": {
    "name": "Sableye",
    "rarity": "",
    "types": [],
    "spawn_rate": ""
  },
  "303": {
    "name": "Mawile",
    "rarity": "",
    "types": [],
    "spawn_rate": ""
  },
  "304": {
    "name": "Aron",
    "rarity": "",
    "types": [],
    "spawn_rate": ""
  },
  "305": {
    "name": "Lairon",
    "rarity": "",
    "types": [],
    "spawn_rate": ""
  },
  "306": {
    "name": "Aggron",
    "rarity": "",
    "types": [],
    "spawn_rate": ""
  },
  "307": {
    "name": "Meditite",
    "rarity": "",
    "types": [],
    "spawn_rate": ""
  },
  "308": {
    "name": "Medicham",
    "rarity": "",
    "types": [],
    "spawn_rate": ""
  },
  "309": {
    "name": "Electrike",
    "rarity": "",
    "types": [],
    "spawn_rate": ""
  },
  "310": {
    "name": "Manectric",
    "rarity": "",
    "types": [],
    "spawn_rate": ""
  },
  "311": {
    "name": "Plusle",
    "rarity": "",
    "types": [],
    "spawn_rate": ""
  },
  "312": {
    "name": "Minun",
    "rarity": "",
    "types": [],
    "spawn_rate": ""
  },
  "313": {
    "name": "Volbeat",
    "rarity": "",
    "types": [],
    "spawn_rate": ""
  },
  "314": {
    "name": "Illumise",
    "rarity": "",
    "types": [],
    "spawn_rate": ""
  },
  "315": {
    "name": "Roselia",
    "rarity": "",
    "types": [],
    "spawn_rate": ""
  },
  "316": {
    "name": "Gulpin",
    "rarity": "",
    "types": [],
    "spawn_rate": ""
  },
  "317": {
    "name": "Swalot",
    "rarity": "",
    "types": [],
    "spawn_rate": ""
  },
  "318": {
    "name": "Carvanha",
    "rarity": "",
    "types": [],
    "spawn_rate": ""
  },
  "319": {
    "name": "Sharpedo",
    "rarity": "",
    "types": [],
    "spawn_rate": ""
  },
  "320": {
    "name": "Wailmer",
    "rarity": "",
    "types": [],
    "spawn_rate": ""
  },
  "321": {
    "name": "Wailord",
    "rarity": "",
    "types": [],
    "spawn_rate": ""
  },
  "322": {
    "name": "Numel",
    "rarity": "",
    "types": [],
    "spawn_rate": ""
  },
  "323": {
    "name": "Camerupt",
    "rarity": "",
    "types": [],
    "spawn_rate": ""
  },
  "324": {
    "name": "Torkoal",
    "rarity": "",
    "types": [],
    "spawn_rate": ""
  },
  "325": {
    "name": "Spoink",
    "rarity": "",
    "types": [],
    "spawn_rate": ""
  },
  "326": {
    "name": "Grumpig",
    "rarity": "",
    "types": [],
    "spawn_rate": ""
  },
  "327": {
    "name": "Spinda",
    "rarity": "",
    "types": [],
    "spawn_rate": ""
  },
  "328": {
    "name": "Trapinch",
    "rarity": "",
    "types": [],
    "spawn_rate": ""
  },
  "329": {
    "name": "Vibrava",
    "rarity": "",
    "types": [],
    "spawn_rate": ""
  },
  "330": {
    "name": "Flygon",
    "rarity": "",
    "types": [],
    "spawn_rate": ""
  },
  "331": {
    "name": "Cacnea",
    "rarity": "",
    "types": [],
    "spawn_rate": ""
  },
  "332": {
    "name": "Cacturne",
    "rarity": "",
    "types": [],
    "spawn_rate": ""
  },
  "333": {
    "name": "Swablu",
    "rarity": "",
    "types": [],
    "spawn_rate": ""
  },
  "334": {
    "name": "Altaria",
    "rarity": "",
    "types": [],
    "spawn_rate": ""
  },
  "335": {
    "name": "Zangoose",
    "rarity": "",
    "types": [],
    "spawn_rate": ""
  },
  "336": {
    "name": "Seviper",
    "rarity": "",
    "types": [],
    "spawn_rate": ""
  },
  "337": {
    "name": "Lunatone",
    "rarity": "",
    "types": [],
    "spawn_rate": ""
  },
  "338": {
    "name": "Solrock",
    "rarity": "",
    "types": [],
    "spawn_rate": ""
  },
  "339": {
    "name": "Barboach",
    "rarity": "",
    "types": [],
    "spawn_rate": ""
  },
  "340": {
    "name": "Whiscash",
    "rarity": "",
    "types": [],
    "spawn_rate": ""
  },
  "341": {
    "name": "Corphish",
    "rarity": "",
    "types": [],
    "spawn_rate": ""
  },
  "342": {
    "name": "Crawdaunt",
    "rarity": "",
    "types": [],
    "spawn_rate": ""
  },
  "343": {
    "name": "Baltoy",
    "rarity": "",
    "types": [],
    "spawn_rate": ""
  },
  "344": {
    "name": "Claydol",
    "rarity": "",
    "types": [],
    "spawn_rate": ""
  },
  "345": {
    "name": "Lileep",
    "rarity": "",
    "types": [],
    "spawn_rate": ""
  },
  "346": {
    "name": "Cradily",
    "rarity": "",
    "types": [],
    "spawn_rate": ""
  },
  "347": {
    "name": "Anorith",
    "rarity": "",
    "types": [],
    "spawn_rate": ""
  },
  "348": {
    "name": "Armaldo",
    "rarity": "",
    "types": [],
    "spawn_rate": ""
  },
  "349": {
    "name": "Feebas",
    "rarity": "",
    "types": [],
    "spawn_rate": ""
  },
  "350": {
    "name": "Milotic",
    "rarity": "",
    "types": [],
    "spawn_rate": ""
  },
  "351": {
    "name": "Castform",
    "rarity": "",
    "types": [],
    "spawn_rate": ""
  },
  "352": {
    "name": "Kecleon",
    "rarity": "",
    "types": [],
    "spawn_rate": ""
  },
  "353": {
    "name": "Shuppet",
    "rarity": "",
    "types": [],
    "spawn_rate": ""
  },
  "354": {
    "name": "Banette",
    "rarity": "",
    "types": [],
    "spawn_rate": ""
  },
  "355": {
    "name": "Duskull",
    "rarity": "",
    "types": [],
    "spawn_rate": ""
  },
  "356": {
    "name": "Dusclops",
    "rarity": "",
    "types": [],
    "spawn_rate": ""
  },
  "357": {
    "name": "Tropius",
    "rarity": "",
    "types": [],
    "spawn_rate": ""
  },
  "358": {
    "name": "Chimecho",
    "rarity": "",
    "types": [],
    "spawn_rate": ""
  },
  "359": {
    "name": "Absol",
    "rarity": "",
    "types": [],
    "spawn_rate": ""
  },
  "360": {
    "name": "Wynaut",
    "rarity": "",
    "types": [],
    "spawn_rate": ""
  },
  "361": {
    "name": "Snorunt",
    "rarity": "",
    "types": [],
    "spawn_rate": ""
  },
  "362": {
    "name": "Glalie",
    "rarity": "",
    "types": [],
    "spawn_rate": ""
  },
  "363": {
    "name": "Spheal",
    "rarity": "",
    "types": [],
    "spawn_rate": ""
  },
  "364": {
    "name": "Sealeo",
    "rarity": "",
    "types": [],
    "spawn_rate": ""
  },
  "365": {
    "name": "Walrein",
    "rarity": "",
    "types": [],
    "spawn_rate": ""
  },
  "366": {
    "name": "Clamperl",
    "rarity": "",
    "types": [],
    "spawn_rate": ""
  },
  "367": {
    "name": "Huntail",
    "rarity": "",
    "types": [],
    "spawn_rate": ""
  },
  "368": {
    "name": "Gorebyss",
    "rarity": "",
    "types": [],
    "spawn_rate": ""
  },
  "369": {
    "name": "Relicanth",
    "rarity": "",
    "types": [],
    "spawn_rate": ""
  },
  "370": {
    "name": "Luvdisc",
    "rarity": "",
    "types": [],
    "spawn_rate": ""
  },
  "371": {
    "name": "Bagon",
    "rarity": "",
    "types": [],
    "spawn_rate": ""
  },
  "372": {
    "name": "Shelgon",
    "rarity": "",
    "types": [],
    "spawn_rate": ""
  },
  "373": {
    "name": "Salamence",
    "rarity": "",
    "types": [],
    "spawn_rate": ""
  },
  "374": {
    "name": "Beldum",
    "rarity": "",
    "types": [],
    "spawn_rate": ""
  },
  "375": {
    "name": "Metang",
    "rarity": "",
    "types": [],
    "spawn_rate": ""
  },
  "376": {
    "name": "Metagross",
    "rarity": "",
    "types": [],
    "spawn_rate": ""
  },
  "377": {
    "name": "Regirock",
    "rarity": "",
    "types": [],
    "spawn_rate": ""
  },
  "378": {
    "name": "Regice",
    "rarity": "",
    "types": [],
    "spawn_rate": ""
  },
  "379": {
    "name": "Registeel",
    "rarity": "",
    "types": [],
    "spawn_rate": ""
  },
  "380": {
    "name": "Latias",
    "rarity": "",
    "types": [],
    "spawn_rate": ""
  },
  "381": {
    "name": "Latios",
    "rarity": "",
    "types": [],
    "spawn_rate": ""
  },
  "382": {
    "name": "Kyogre",
    "rarity": "",
    "types": [],
    "spawn_rate": ""
  },
  "383": {
    "name": "Groudon",
    "rarity": "",
    "types": [],
    "spawn_rate": ""
  },
  "384": {
    "name": "Rayquaza",
    "rarity": "",
    "types": [],
    "spawn_rate": ""
  },
  "385": {
    "name": "Jirachi",
    "rarity": "",
    "types": [],
    "spawn_rate": ""
  },
  "386": {
    "name": "Deoxys",
    "rarity": "",
    "types": [],
    "spawn_rate": ""
  },
  "387": {
    "name": "Turtwig",
    "rarity": "",
    "types": [],
    "spawn_rate": ""
  },
  "388": {
    "name": "Grotle",
    "rarity": "",
    "types": [],
    "spawn_rate": ""
  },
  "389": {
    "name": "Torterra",
    "rarity": "",
    "types": [],
    "spawn_rate": ""
  },
  "390": {
    "name": "Chimchar",
    "rarity": "",
    "types": [],
    "spawn_rate": ""
  },
  "391": {
    "name": "Monferno",
    "rarity": "",
    "types": [],
    "spawn_rate": ""
  },
  "392": {
    "name": "Infernape",
    "rarity": "",
    "types": [],
    "spawn_rate": ""
  },
  "393": {
    "name": "Piplup",
    "rarity": "",
    "types": [],
    "spawn_rate": ""
  },
  "394": {
    "name": "Prinplup",
    "rarity": "",
    "types": [],
    "spawn_rate": ""
  },
  "395": {
    "name": "Empoleon",
    "rarity": "",
    "types": [],
    "spawn_rate": ""
  },
  "396": {
    "name": "Starly",
    "rarity": "",
    "types": [],
    "spawn_rate": ""
  },
  "397": {
    "name": "Staravia",
    "rarity": "",
    "types": [],
    "spawn_rate": ""
  },
  "398": {
    "name": "Staraptor",
    "rarity": "",
    "types": [],
    "spawn_rate": ""
  },
  "399": {
    "name": "Bidoof",
    "rarity": "",
    "types": [],
    "spawn_rate": ""
  },
  "400": {
    "name": "Bibarel",
    "rarity": "",
    "types": [],
    "spawn_rate": ""
  },
  "401": {
    "name": "Kricketot",
    "rarity": "",
    "types": [],
    "spawn_rate": ""
  },
  "402": {
    "name": "Kricketune",
    "rarity": "",
    "types": [],
    "spawn_rate": ""
  },
  "403": {
    "name": "Shinx",
    "rarity": "",
    "types": [],
    "spawn_rate": ""
  },
  "404": {
    "name": "Luxio",
    "rarity": "",
    "types": [],
    "spawn_rate": ""
  },
  "405": {
    "name": "Luxray",
    "rarity": "",
    "types": [],
    "spawn_rate": ""
  },
  "406": {
    "name": "Budew",
    "rarity": "",
    "types": [],
    "spawn_rate": ""
  },
  "407": {
    "name": "Roserade",
    "rarity": "",
    "types": [],
    "spawn_rate": ""
  },
  "408": {
    "name": "Cranidos",
    "rarity": "",
    "types": [],
    "spawn_rate": ""
  },
  "409": {
    "name": "Rampardos",
    "rarity": "",
    "types": [],
    "spawn_rate": ""
  },
  "410": {
    "name": "Shieldon",
    "rarity": "",
    "types": [],
    "spawn_rate": ""
  },
  "411": {
    "name": "Bastiodon",
    "rarity": "",
    "types": [],
    "spawn_rate": ""
  },
  "412": {
    "name": "Burmy",
    "rarity": "",
    "types": [],
    "spawn_rate": ""
  },
  "413": {
    "name": "Wormadam",
    "rarity": "",
    "types": [],
    "spawn_rate": ""
  },
  "414": {
    "name": "Mothim",
    "rarity": "",
    "types": [],
    "spawn_rate": ""
  },
  "415": {
    "name": "Combee",
    "rarity": "",
    "types": [],
    "spawn_rate": ""
  },
  "416": {
    "name": "Vespiquen",
    "rarity": "",
    "types": [],
    "spawn_rate": ""
  },
  "417": {
    "name": "Pachirisu",
    "rarity": "",
    "types": [],
    "spawn_rate": ""
  },
  "418": {
    "name": "Buizel",
    "rarity": "",
    "types": [],
    "spawn_rate": ""
  },
  "419": {
    "name": "Floatzel",
    "rarity": "",
    "types": [],
    "spawn_rate": ""
  },
  "420": {
    "name": "Cherubi",
    "rarity": "",
    "types": [],
    "spawn_rate": ""
  },
  "421": {
    "name": "Cherrim",
    "rarity": "",
    "types": [],
    "spawn_rate": ""
  },
  "422": {
    "name": "Shellos",
    "rarity": "",
    "types": [],
    "spawn_rate": ""
  },
  "423": {
    "name": "Gastrodon",
    "rarity": "",
    "types": [],
    "spawn_rate": ""
  },
  "424": {
    "name": "Ambipom",
    "rarity": "",
    "types": [],
    "spawn_rate": ""
  },
  "425": {
    "name": "Drifloon",
    "rarity": "",
    "types": [],
    "spawn_rate": ""
  },
  "426": {
    "name": "Drifblim",
    "rarity": "",
    "types": [],
    "spawn_rate": ""
  },
  "427": {
    "name": "Buneary",
    "rarity": "",
    "types": [],
    "spawn_rate": ""
  },
  "428": {
    "name": "Lopunny",
    "rarity": "",
    "types": [],
    "spawn_rate": ""
  },
  "429": {
    "name": "Mismagius",
    "rarity": "",
    "types": [],
    "spawn_rate": ""
  },
  "430": {
    "name": "Honchkrow",
    "rarity": "",
    "types": [],
    "spawn_rate": ""
  },
  "431": {
    "name": "Glameow",
    "rarity": "",
    "types": [],
    "spawn_rate": ""
  },
  "432": {
    "name": "Purugly",
    "rarity": "",
    "types": [],
    "spawn_rate": ""
  },
  "433": {
    "name": "Chingling",
    "rarity": "",
    "types": [],
    "spawn_rate": ""
  },
  "434": {
    "name": "Stunky",
    "rarity": "",
    "types": [],
    "spawn_rate": ""
  },
  "435": {
    "name": "Skuntank",
    "rarity": "",
    "types": [],
    "spawn_rate": ""
  },
  "436": {
    "name": "Bronzor",
    "rarity": "",
    "types": [],
    "spawn_rate": ""
  },
  "437": {
    "name": "Bronzong",
    "rarity": "",
    "types": [],
    "spawn_rate": ""
  },
  "438": {
    "name": "Bonsly",
    "rarity": "",
    "types": [],
    "spawn_rate": ""
  },
  "439": {
    "name": "Mime Jr.",
    "rarity": "",
    "types": [],
    "spawn_rate": ""
  },
  "440": {
    "name": "Happiny",
    "rarity": "",
    "types": [],
    "spawn_rate": ""
  },
  "441": {
    "name": "Chatot",
    "rarity": "",
    "types": [],
    "spawn_rate": ""
  },
  "442": {
    "name": "Spiritomb",
    "rarity": "",
    "types": [],
    "spawn_rate": ""
  },
  "443": {
    "name": "Gible",
    "rarity": "",
    "types": [],
    "spawn_rate": ""
  },
  "444": {
    "name": "Gabite",
    "rarity": "",
    "types": [],
    "spawn_rate": ""
  },
  "445": {
    "name": "Garchomp",
    "rarity": "",
    "types": [],
    "spawn_rate": ""
  },
  "446": {
    "name": "Munchlax",
    "rarity": "",
    "types": [],
    "spawn_rate": ""
  },
  "447": {
    "name": "Riolu",
    "rarity": "",
    "types": [],
    "spawn_rate": ""
  },
  "448": {
    "name": "Lucario",
    "rarity": "",
    "types": [],
    "spawn_rate": ""
  },
  "449": {
    "name": "Hippopotas",
    "rarity": "",
    "types": [],
    "spawn_rate": ""
  },
  "450": {
    "name": "Hippowdon",
    "rarity": "",
    "types": [],
    "spawn_rate": ""
  },
  "451": {
    "name": "Skorupi",
    "rarity": "",
    "types": [],
    "spawn_rate": ""
  },
  "452": {
    "name": "Drapion",
    "rarity": "",
    "types": [],
    "spawn_rate": ""
  },
  "453": {
    "name": "Croagunk",
    "rarity": "",
    "types": [],
    "spawn_rate": ""
  },
  "454": {
    "name": "Toxicroak",
    "rarity": "",
    "types": [],
    "spawn_rate": ""
  },
  "455": {
    "name": "Carnivine",
    "rarity": "",
    "types": [],
    "spawn_rate": ""
  },
  "456": {
    "name": "Finneon",
    "rarity": "",
    "types": [],
    "spawn_rate": ""
  },
  "457": {
    "name": "Lumineon",
    "rarity": "",
    "types": [],
    "spawn_rate": ""
  },
  "458": {
    "name": "Mantyke",
    "rarity": "",
    "types": [],
    "spawn_rate": ""
  },
  "459": {
    "name": "Snover",
    "rarity": "",
    "types": [],
    "spawn_rate": ""
  },
  "460": {
    "name": "Abomasnow",
    "rarity": "",
    "types": [],
    "spawn_rate": ""
  },
  "461": {
    "name": "Weavile",
    "rarity": "",
    "types": [],
    "spawn_rate": ""
  },
  "462": {
    "name": "Magnezone",
    "rarity": "",
    "types": [],
    "spawn_rate": ""
  },
  "463": {
    "name": "Lickilicky",
    "rarity": "",
    "types": [],
    "spawn_rate": ""
  },
  "464": {
    "name": "Rhyperior",
    "rarity": "",
    "types": [],
    "spawn_rate": ""
  },
  "465": {
    "name": "Tangrowth",
    "rarity": "",
    "types": [],
    "spawn_rate": ""
  },
  "466": {
    "name": "Electivire",
    "rarity": "",
    "types": [],
    "spawn_rate": ""
  },
  "467": {
    "name": "Magmortar",
    "rarity": "",
    "types": [],
    "spawn_rate": ""
  },
  "468": {
    "name": "Togekiss",
    "rarity": "",
    "types": [],
    "spawn_rate": ""
  },
  "469": {
    "name": "Yanmega",
    "rarity": "",
    "types": [],
    "spawn_rate": ""
  },
  "470": {
    "name": "Leafeon",
    "rarity": "",
    "types": [],
    "spawn_rate": ""
  },
  "471": {
    "name": "Glaceon",
    "rarity": "",
    "types": [],
    "spawn_rate": ""
  },
  "472": {
    "name": "Gliscor",
    "rarity": "",
    "types": [],
    "spawn_rate": ""
  },
  "473": {
    "name": "Mamoswine",
    "rarity": "",
    "types": [],
    "spawn_rate": ""
  },
  "474": {
    "name": "Porygon-Z",
    "rarity": "",
    "types": [],
    "spawn_rate": ""
  },
  "475": {
    "name": "Gallade",
    "rarity": "",
    "types": [],
    "spawn_rate": ""
  },
  "476": {
    "name": "Probopass",
    "rarity": "",
    "types": [],
    "spawn_rate": ""
  },
  "477": {
    "name": "Dusknoir",
    "rarity": "",
    "types": [],
    "spawn_rate": ""
  },
  "478": {
    "name": "Froslass",
    "rarity": "",
    "types": [],
    "spawn_rate": ""
  },
  "479": {
    "name": "Rotom",
    "rarity": "",
    "types": [],
    "spawn_rate": ""
  },
  "480": {
    "name": "Uxie",
    "rarity": "",
    "types": [],
    "spawn_rate": ""
  },
  "481": {
    "name": "Mesprit",
    "rarity": "",
    "types": [],
    "spawn_rate": ""
  },
  "482": {
    "name": "Azelf",
    "rarity": "",
    "types": [],
    "spawn_rate": ""
  },
  "483": {
    "name": "Dialga",
    "rarity": "",
    "types": [],
    "spawn_rate": ""
  },
  "484": {
    "name": "Palkia",
    "rarity": "",
    "types": [],
    "spawn_rate": ""
  },
  "485": {
    "name": "Heatran",
    "rarity": "",
    "types": [],
    "spawn_rate": ""
  },
  "486": {
    "name": "Regigigas",
    "rarity": "",
    "types": [],
    "spawn_rate": ""
  },
  "487": {
    "name": "Giratina",
    "rarity": "",
    "types": [],
    "spawn_rate": ""
  },
  "488": {
    "name": "Cresselia",
    "rarity": "",
    "types": [],
    "spawn_rate": ""
  },
  "489": {
    "name": "Phione",
    "rarity": "",
    "types": [],
    "spawn_rate": ""
  },
  "490": {
    "name": "Manaphy",
    "rarity": "",
    "types": [],
    "spawn_rate": ""
  },
  "491": {
    "name": "Darkrai",
    "rarity": "",
    "types": [],
    "spawn_rate": ""
  },
  "492": {
    "name": "Shaymin",
    "rarity": "",
    "types": [],
    "spawn_rate": ""
  },
  "493": {
    "name": "Arceus",
    "rarity": "",
    "types": [],
    "spawn_rate": ""
  },
  "494": {
    "name": "Victini",
    "rarity": "",
    "types": [],
    "spawn_rate": ""
  },
  "495": {
    "name": "Snivy",
    "rarity": "",
    "types": [],
    "spawn_rate": ""
  },
  "496": {
    "name": "Servine",
    "rarity": "",
    "types": [],
    "spawn_rate": ""
  },
  "497": {
    "name": "Serperior",
    "rarity": "",
    "types": [],
    "spawn_rate": ""
  },
  "498": {
    "name": "Tepig",
    "rarity": "",
    "types": [],
    "spawn_rate": ""
  },
  "499": {
    "name": "Pignite",
    "rarity": "",
    "types": [],
    "spawn_rate": ""
  },
  "500": {
    "name": "Emboar",
    "rarity": "",
    "types": [],
    "spawn_rate": ""
  },
  "501": {
    "name": "Oshawott",
    "rarity": "",
    "types": [],
    "spawn_rate": ""
  },
  "502": {
    "name": "Dewott",
    "rarity": "",
    "types": [],
    "spawn_rate": ""
  },
  "503": {
    "name": "Samurott",
    "rarity": "",
    "types": [],
    "spawn_rate": ""
  },
  "504": {
    "name": "Patrat",
    "rarity": "",
    "types": [],
    "spawn_rate": ""
  },
  "505": {
    "name": "Watchog",
    "rarity": "",
    "types": [],
    "spawn_rate": ""
  },
  "506": {
    "name": "Lillipup",
    "rarity": "",
    "types": [],
    "spawn_rate": ""
  },
  "507": {
    "name": "Herdier",
    "rarity": "",
    "types": [],
    "spawn_rate": ""
  },
  "508": {
    "name": "Stoutland",
    "rarity": "",
    "types": [],
    "spawn_rate": ""
  },
  "509": {
    "name": "Purrloin",
    "rarity": "",
    "types": [],
    "spawn_rate": ""
  },
  "510": {
    "name": "Liepard",
    "rarity": "",
    "types": [],
    "spawn_rate": ""
  },
  "511": {
    "name": "Pansage",
    "rarity": "",
    "types": [],
    "spawn_rate": ""
  },
  "512": {
    "name": "Simisage",
    "rarity": "",
    "types": [],
    "spawn_rate": ""
  },
  "513": {
    "name": "Pansear",
    "rarity": "",
    "types": [],
    "spawn_rate": ""
  },
  "514": {
    "name": "Simisear",
    "rarity": "",
    "types": [],
    "spawn_rate": ""
  },
  "515": {
    "name": "Panpour",
    "rarity": "",
    "types": [],
    "spawn_rate": ""
  },
  "516": {
    "name": "Simipour",
    "rarity": "",
    "types": [],
    "spawn_rate": ""
  },
  "517": {
    "name": "Munna",
    "rarity": "",
    "types": [],
    "spawn_rate": ""
  },
  "518": {
    "name": "Musharna",
    "rarity": "",
    "types": [],
    "spawn_rate": ""
  },
  "519": {
    "name": "Pidove",
    "rarity": "",
    "types": [],
    "spawn_rate": ""
  },
  "520": {
    "name": "Tranquill",
    "rarity": "",
    "types": [],
    "spawn_rate": ""
  },
  "521": {
    "name": "Unfezant",
    "rarity": "",
    "types": [],
    "spawn_rate": ""
  },
  "522": {
    "name": "Blitzle",
    "rarity": "",
    "types": [],
    "spawn_rate": ""
  },
  "523": {
    "name": "Zebstrika",
    "rarity": "",
    "types": [],
    "spawn_rate": ""
  },
  "524": {
    "name": "Roggenrola",
    "rarity": "",
    "types": [],
    "spawn_rate": ""
  },
  "525": {
    "name": "Boldore",
    "rarity": "",
    "types": [],
    "spawn_rate": ""
  },
  "526": {
    "name": "Gigalith",
    "rarity": "",
    "types": [],
    "spawn_rate": ""
  },
  "527": {
    "name": "Woobat",
    "rarity": "",
    "types": [],
    "spawn_rate": ""
  },
  "528": {
    "name": "Swoobat",
    "rarity": "",
    "types": [],
    "spawn_rate": ""
  },
  "529": {
    "name": "Drilbur",
    "rarity": "",
    "types": [],
    "spawn_rate": ""
  },
  "530": {
    "name": "Excadrill",
    "rarity": "",
    "types": [],
    "spawn_rate": ""
  },
  "531": {
    "name": "Audino",
    "rarity": "",
    "types": [],
    "spawn_rate": ""
  },
  "532": {
    "name": "Timburr",
    "rarity": "",
    "types": [],
    "spawn_rate": ""
  },
  "533": {
    "name": "Gurdurr",
    "rarity": "",
    "types": [],
    "spawn_rate": ""
  },
  "534": {
    "name": "Conkeldurr",
    "rarity": "",
    "types": [],
    "spawn_rate": ""
  },
  "535": {
    "name": "Tympole",
    "rarity": "",
    "types": [],
    "spawn_rate": ""
  },
  "536": {
    "name": "Palpitoad",
    "rarity": "",
    "types": [],
    "spawn_rate": ""
  },
  "537": {
    "name": "Seismitoad",
    "rarity": "",
    "types": [],
    "spawn_rate": ""
  },
  "538": {
    "name": "Throh",
    "rarity": "",
    "types": [],
    "spawn_rate": ""
  },
  "539": {
    "name": "Sawk",
    "rarity": "",
    "types": [],
    "spawn_rate": ""
  },
  "540": {
    "name": "Sewaddle",
    "rarity": "",
    "types": [],
    "spawn_rate": ""
  },
  "541": {
    "name": "Swadloon",
    "rarity": "",
    "types": [],
    "spawn_rate": ""
  },
  "542": {
    "name": "Leavanny",
    "rarity": "",
    "types": [],
    "spawn_rate": ""
  },
  "543": {
    "name": "Venipede",
    "rarity": "",
    "types": [],
    "spawn_rate": ""
  },
  "544": {
    "name": "Whirlipede",
    "rarity": "",
    "types": [],
    "spawn_rate": ""
  },
  "545": {
    "name": "Scolipede",
    "rarity": "",
    "types": [],
    "spawn_rate": ""
  },
  "546": {
    "name": "Cottonee",
    "rarity": "",
    "types": [],
    "spawn_rate": ""
  },
  "547": {
    "name": "Whimsicott",
    "rarity": "",
    "types": [],
    "spawn_rate": ""
  },
  "548": {
    "name": "Petilil",
    "rarity": "",
    "types": [],
    "spawn_rate": ""
  },
  "549": {
    "name": "Lilligant",
    "rarity": "",
    "types": [],
    "spawn_rate": ""
  },
  "550": {
    "name": "Basculin",
    "rarity": "",
    "types": [],
    "spawn_rate": ""
  },
  "551": {
    "name": "Sandile",
    "rarity": "",
    "types": [],
    "spawn_rate": ""
  },
  "552": {
    "name": "Krokorok",
    "rarity": "",
    "types": [],
    "spawn_rate": ""
  },
  "553": {
    "name": "Krookodile",
    "rarity": "",
    "types": [],
    "spawn_rate": ""
  },
  "554": {
    "name": "Darumaka",
    "rarity": "",
    "types": [],
    "spawn_rate": ""
  },
  "555": {
    "name": "Darmanitan",
    "rarity": "",
    "types": [],
    "spawn_rate": ""
  },
  "556": {
    "name": "Maractus",
    "rarity": "",
    "types": [],
    "spawn_rate": ""
  },
  "557": {
    "name": "Dwebble",
    "rarity": "",
    "types": [],
    "spawn_rate": ""
  },
  "558": {
    "name": "Crustle",
    "rarity": "",
    "types": [],
    "spawn_rate": ""
  },
  "559": {
    "name": "Scraggy",
    "rarity": "",
    "types": [],
    "spawn_rate": ""
  },
  "560": {
    "name": "Scrafty",
    "rarity": "",
    "types": [],
    "spawn_rate": ""
  },
  "561": {
    "name": "Sigilyph",
    "rarity": "",
    "types": [],
    "spawn_rate": ""
  },
  "562": {
    "name": "Yamask",
    "rarity": "",
    "types": [],
    "spawn_rate": ""
  },
  "563": {
    "name": "Cofagrigus",
    "rarity": "",
    "types": [],
    "spawn_rate": ""
  },
  "564": {
    "name": "Tirtouga",
    "rarity": "",
    "types": [],
    "spawn_rate": ""
  },
  "565": {
    "name": "Carracosta",
    "rarity": "",
    "types": [],
    "spawn_rate": ""
  },
  "566": {
    "name": "Archen",
    "rarity": "",
    "types": [],
    "spawn_rate": ""
  },
  "567": {
    "name": "Archeops",
    "rarity": "",
    "types": [],
    "spawn_rate": ""
  },
  "568": {
    "name": "Trubbish",
    "rarity": "",
    "types": [],
    "spawn_rate": ""
  },
  "569": {
    "name": "Garbodor",
    "rarity": "",
    "types": [],
    "spawn_rate": ""
  },
  "570": {
    "name": "Zorua",
    "rarity": "",
    "types": [],
    "spawn_rate": ""
  },
  "571": {
    "name": "Zoroark",
    "rarity": "",
    "types": [],
    "spawn_rate": ""
  },
  "572": {
    "name": "Minccino",
    "rarity": "",
    "types": [],
    "spawn_rate": ""
  },
  "573": {
    "name": "Cinccino",
    "rarity": "",
    "types": [],
    "spawn_rate": ""
  },
  "574": {
    "name": "Gothita",
    "rarity": "",
    "types": [],
    "spawn_rate": ""
  },
  "575": {
    "name": "Gothorita",
    "rarity": "",
    "types": [],
    "spawn_rate": ""
  },
  "576": {
    "name": "Gothitelle",
    "rarity": "",
    "types": [],
    "spawn_rate": ""
  },
  "577": {
    "name": "Solosis",
    "rarity": "",
    "types": [],
    "spawn_rate": ""
  },
  "578": {
    "name": "Duosion",
    "rarity": "",
    "types": [],
    "spawn_rate": ""
  },
  "579": {
    "name": "Reuniclus",
    "rarity": "",
    "types": [],
    "spawn_rate": ""
  },
  "580": {
    "name": "Ducklett",
    "rarity": "",
    "types": [],
    "spawn_rate": ""
  },
  "581": {
    "name": "Swanna",
    "rarity": "",
    "types": [],
    "spawn_rate": ""
  },
  "582": {
    "name": "Vanillite",
    "rarity": "",
    "types": [],
    "spawn_rate": ""
  },
  "583": {
    "name": "Vanillish",
    "rarity": "",
    "types": [],
    "spawn_rate": ""
  },
  "584": {
    "name": "Vanilluxe",
    "rarity": "",
    "types": [],
    "spawn_rate": ""
  },
  "585": {
    "name": "Deerling",
    "rarity": "",
    "types": [],
    "spawn_rate": ""
  },
  "586": {
    "name": "Sawsbuck",
    "rarity": "",
    "types": [],
    "spawn_rate": ""
  },
  "587": {
    "name": "Emolga",
    "rarity": "",
    "types": [],
    "spawn_rate": ""
  },
  "588": {
    "name": "Karrablast",
    "rarity": "",
    "types": [],
    "spawn_rate": ""
  },
  "589": {
    "name": "Escavalier",
    "rarity": "",
    "types": [],
    "spawn_rate": ""
  },
  "590": {
    "name": "Foongus",
    "rarity": "",
    "types": [],
    "spawn_rate": ""
  },
  "591": {
    "name": "Amoonguss",
    "rarity": "",
    "types": [],
    "spawn_rate": ""
  },
  "592": {
    "name": "Frillish",
    "rarity": "",
    "types": [],
    "spawn_rate": ""
  },
  "593": {
    "name": "Jellicent",
    "rarity": "",
    "types": [],
    "spawn_rate": ""
  },
  "594": {
    "name": "Alomomola",
    "rarity": "",
    "types": [],
    "spawn_rate": ""
  },
  "595": {
    "name": "Joltik",
    "rarity": "",
    "types": [],
    "spawn_rate": ""
  },
  "596": {
    "name": "Galvantula",
    "rarity": "",
    "types": [],
    "spawn_rate": ""
  },
  "597": {
    "name": "Ferroseed",
    "rarity": "",
    "types": [],
    "spawn_rate": ""
  },
  "598": {
    "name": "Ferrothorn",
    "rarity": "",
    "types": [],
    "spawn_rate": ""
  },
  "599": {
    "name": "Klink",
    "rarity": "",
    "types": [],
    "spawn_rate": ""
  },
  "600": {
    "name": "Klang",
    "rarity": "",
    "types": [],
    "spawn_rate": ""
  },
  "601": {
    "name": "Klinklang",
    "rarity": "",
    "types": [],
    "spawn_rate": ""
  },
  "602": {
    "name": "Tynamo",
    "rarity": "",
    "types": [],
    "spawn_rate": ""
  },
  "603": {
    "name": "Eelektrik",
    "rarity": "",
    "types": [],
    "spawn_rate": ""
  },
  "604": {
    "name": "Eelektross",
    "rarity": "",
    "types": [],
    "spawn_rate": ""
  },
  "605": {
    "name": "Elgyem",
    "rarity": "",
    "types": [],
    "spawn_rate": ""
  },
  "606": {
    "name": "Beheeyem",
    "rarity": "",
    "types": [],
    "spawn_rate": ""
  },
  "607": {
    "name": "Litwick",
    "rarity": "",
    "types": [],
    "spawn_rate": ""
  },
  "608": {
    "name": "Lampent",
    "rarity": "",
    "types": [],
    "spawn_rate": ""
  },
  "609": {
    "name": "Chandelure",
    "rarity": "",
    "types": [],
    "spawn_rate": ""
  },
  "610": {
    "name": "Axew",
    "rarity": "",
    "types": [],
    "spawn_rate": ""
  },
  "611": {
    "name": "Fraxure",
    "rarity": "",
    "types": [],
    "spawn_rate": ""
  },
  "612": {
    "name": "Haxorus",
    "rarity": "",
    "types": [],
    "spawn_rate": ""
  },
  "613": {
    "name": "Cubchoo",
    "rarity": "",
    "types": [],
    "spawn_rate": ""
  },
  "614": {
    "name": "Beartic",
    "rarity": "",
    "types": [],
    "spawn_rate": ""
  },
  "615": {
    "name": "Cryogonal",
    "rarity": "",
    "types": [],
    "spawn_rate": ""
  },
  "616": {
    "name": "Shelmet",
    "rarity": "",
    "types": [],
    "spawn_rate": ""
  },
  "617": {
    "name": "Accelgor",
    "rarity": "",
    "types": [],
    "spawn_rate": ""
  },
  "618": {
    "name": "Stunfisk",
    "rarity": "",
    "types": [],
    "spawn_rate": ""
  },
  "619": {
    "name": "Mienfoo",
    "rarity": "",
    "types": [],
    "spawn_rate": ""
  },
  "620": {
    "name": "Mienshao",
    "rarity": "",
    "types": [],
    "spawn_rate": ""
  },
  "621": {
    "name": "Druddigon",
    "rarity": "",
    "types": [],
    "spawn_rate": ""
  },
  "622": {
    "name": "Golett",
    "rarity": "",
    "types": [],
    "spawn_rate": ""
  },
  "623": {
    "name": "Golurk",
    "rarity": "",
    "types": [],
    "spawn_rate": ""
  },
  "624": {
    "name": "Pawniard",
    "rarity": "",
    "types": [],
    "spawn_rate": ""
  },
  "625": {
    "name": "Bisharp",
    "rarity": "",
    "types": [],
    "spawn_rate": ""
  },
  "626": {
    "name": "Bouffalant",
    "rarity": "",
    "types": [],
    "spawn_rate": ""
  },
  "627": {
    "name": "Rufflet",
    "rarity": "",
    "types": [],
    "spawn_rate": ""
  },
  "628": {
    "name": "Braviary",
    "rarity": "",
    "types": [],
    "spawn_rate": ""
  },
  "629": {
    "name": "Vullaby",
    "rarity": "",
    "types": [],
    "spawn_rate": ""
  },
  "630": {
    "name": "Mandibuzz",
    "rarity": "",
    "types": [],
    "spawn_rate": ""
  },
  "631": {
    "name": "Heatmor",
    "rarity": "",
    "types": [],
    "spawn_rate": ""
  },
  "632": {
    "name": "Durant",
    "rarity": "",
    "types": [],
    "spawn_rate": ""
  },
  "633": {
    "name": "Deino",
    "rarity": "",
    "types": [],
    "spawn_rate": ""
  },
  "634": {
    "name": "Zweilous",
    "rarity": "",
    "types": [],
    "spawn_rate": ""
  },
  "635": {
    "name": "Hydreigon",
    "rarity": "",
    "types": [],
    "spawn_rate": ""
  },
  "636": {
    "name": "Larvesta",
    "rarity": "",
    "types": [],
    "spawn_rate": ""
  },
  "637": {
    "name": "Volcarona",
    "rarity": "",
    "types": [],
    "spawn_rate": ""
  },
  "638": {
    "name": "Cobalion",
    "rarity": "",
    "types": [],
    "spawn_rate": ""
  },
  "639": {
    "name": "Terrakion",
    "rarity": "",
    "types": [],
    "spawn_rate": ""
  },
  "640": {
    "name": "Virizion",
    "rarity": "",
    "types": [],
    "spawn_rate": ""
  },
  "641": {
    "name": "Tornadus",
    "rarity": "",
    "types": [],
    "spawn_rate": ""
  },
  "642": {
    "name": "Thundurus",
    "rarity": "",
    "types": [],
    "spawn_rate": ""
  },
  "643": {
    "name": "Reshiram",
    "rarity": "",
    "types": [],
    "spawn_rate": ""
  },
  "644": {
    "name": "Zekrom",
    "rarity": "",
    "types": [],
    "spawn_rate": ""
  },
  "645": {
    "name": "Landorus",
    "rarity": "",
    "types": [],
    "spawn_rate": ""
  },
  "646": {
    "name": "Kyurem",
    "rarity": "",
    "types": [],
    "spawn_rate": ""
  },
  "647": {
    "name": "Keldeo",
    "rarity": "",
    "types": [],
    "spawn_rate": ""
  },
  "648": {
    "name": "Meloetta",
    "rarity": "",
    "types": [],
    "spawn_rate": ""
  },
  "649": {
    "name": "Genesect",
    "rarity": "",
    "types": [],
    "spawn_rate": ""
  },
  "650": {
    "name": "Chespin",
    "rarity": "",
    "types": [],
    "spawn_rate": ""
  },
  "651": {
    "name": "Quilladin",
    "rarity": "",
    "types": [],
    "spawn_rate": ""
  },
  "652": {
    "name": "Chesnaught",
    "rarity": "",
    "types": [],
    "spawn_rate": ""
  },
  "653": {
    "name": "Fennekin",
    "rarity": "",
    "types": [],
    "spawn_rate": ""
  },
  "654": {
    "name": "Braixen",
    "rarity": "",
    "types": [],
    "spawn_rate": ""
  },
  "655": {
    "name": "Delphox",
    "rarity": "",
    "types": [],
    "spawn_rate": ""
  },
  "656": {
    "name": "Froakie",
    "rarity": "",
    "types": [],
    "spawn_rate": ""
  },
  "657": {
    "name": "Frogadier",
    "rarity": "",
    "types": [],
    "spawn_rate": ""
  },
  "658": {
    "name": "Greninja",
    "rarity": "",
    "types": [],
    "spawn_rate": ""
  },
  "659": {
    "name": "Bunnelby",
    "rarity": "",
    "types": [],
    "spawn_rate": ""
  },
  "660": {
    "name": "Diggersby",
    "rarity": "",
    "types": [],
    "spawn_rate": ""
  },
  "661": {
    "name": "Fletchling",
    "rarity": "",
    "types": [],
    "spawn_rate": ""
  },
  "662": {
    "name": "Fletchinder",
    "rarity": "",
    "types": [],
    "spawn_rate": ""
  },
  "663": {
    "name": "Talonflame",
    "rarity": "",
    "types": [],
    "spawn_rate": ""
  },
  "664": {
    "name": "Scatterbug",
    "rarity": "",
    "types": [],
    "spawn_rate": ""
  },
  "665": {
    "name": "Spewpa",
    "rarity": "",
    "types": [],
    "spawn_rate": ""
  },
  "666": {
    "name": "Vivillon",
    "rarity": "",
    "types": [],
    "spawn_rate": ""
  },
  "667": {
    "name": "Litleo",
    "rarity": "",
    "types": [],
    "spawn_rate": ""
  },
  "668": {
    "name": "Pyroar",
    "rarity": "",
    "types": [],
    "spawn_rate": ""
  },
  "669": {
    "name": "Flabébé",
    "rarity": "",
    "types": [],
    "spawn_rate": ""
  },
  "670": {
    "name": "Floette",
    "rarity": "",
    "types": [],
    "spawn_rate": ""
  },
  "671": {
    "name": "Florges",
    "rarity": "",
    "types": [],
    "spawn_rate": ""
  },
  "672": {
    "name": "Skiddo",
    "rarity": "",
    "types": [],
    "spawn_rate": ""
  },
  "673": {
    "name": "Gogoat",
    "rarity": "",
    "types": [],
    "spawn_rate": ""
  },
  "674": {
    "name": "Pancham",
    "rarity": "",
    "types": [],
    "spawn_rate": ""
  },
  "675": {
    "name": "Pangoro",
    "rarity": "",
    "types": [],
    "spawn_rate": ""
  },
  "676": {
    "name": "Furfrou",
    "rarity": "",
    "types": [],
    "spawn_rate": ""
  },
  "677": {
    "name": "Espurr",
    "rarity": "",
    "types": [],
    "spawn_rate": ""
  },
  "678": {
    "name": "Meowstic",
    "rarity": "",
    "types": [],
    "spawn_rate": ""
  },
  "679": {
    "name": "Honedge",
    "rarity": "",
    "types": [],
    "spawn_rate": ""
  },
  "680": {
    "name": "Doublade",
    "rarity": "",
    "types": [],
    "spawn_rate": ""
  },
  "681": {
    "name": "Aegislash",
    "rarity": "",
    "types": [],
    "spawn_rate": ""
  },
  "682": {
    "name": "Spritzee",
    "rarity": "",
    "types": [],
    "spawn_rate": ""
  },
  "683": {
    "name": "Aromatisse",
    "rarity": "",
    "types": [],
    "spawn_rate": ""
  },
  "684": {
    "name": "Swirlix",
    "rarity": "",
    "types": [],
    "spawn_rate": ""
  },
  "685": {
    "name": "Slurpuff",
    "rarity": "",
    "types": [],
    "spawn_rate": ""
  },
  "686": {
    "name": "Inkay",
    "rarity": "",
    "types": [],
    "spawn_rate": ""
  },
  "687": {
    "name": "Malamar",
    "rarity": "",
    "types": [],
    "spawn_rate": ""
  },
  "688": {
    "name": "Binacle",
    "rarity": "",
    "types": [],
    "spawn_rate": ""
  },
  "689": {
    "name": "Barbaracle",
    "rarity": "",
    "types": [],
    "spawn_rate": ""
  },
  "690": {
    "name": "Skrelp",
    "rarity": "",
    "types": [],
    "spawn_rate": ""
  },
  "691": {
    "name": "Dragalge",
    "rarity": "",
    "types": [],
    "spawn_rate": ""
  },
  "692": {
    "name": "Clauncher",
    "rarity": "",
    "types": [],
    "spawn_rate": ""
  },
  "693": {
    "name": "Clawitzer",
    "rarity": "",
    "types": [],
    "spawn_rate": ""
  },
  "694": {
    "name": "Helioptile",
    "rarity": "",
    "types": [],
    "spawn_rate": ""
  },
  "695": {
    "name": "Heliolisk",
    "rarity": "",
    "types": [],
    "spawn_rate": ""
  },
  "696": {
    "name": "Tyrunt",
    "rarity": "",
    "types": [],
    "spawn_rate": ""
  },
  "697": {
    "name": "Tyrantrum",
    "rarity": "",
    "types": [],
    "spawn_rate": ""
  },
  "698": {
    "name": "Amaura",
    "rarity": "",
    "types": [],
    "spawn_rate": ""
  },
  "699": {
    "name": "Aurorus",
    "rarity": "",
    "types": [],
    "spawn_rate": ""
  },
  "700": {
    "name": "Sylveon",
    "rarity": "",
    "types": [],
    "spawn_rate": ""
  },
  "701": {
    "name": "Hawlucha",
    "rarity": "",
    "types": [],
    "spawn_rate": ""
  },
  "702": {
    "name": "Dedenne",
    "rarity": "",
    "types": [],
    "spawn_rate": ""
  },
  "703": {
    "name": "Carbink",
    "rarity": "",
    "types": [],
    "spawn_rate": ""
  },
  "704": {
    "name": "Goomy",
    "rarity": "",
    "types": [],
    "spawn_rate": ""
  },
  "705": {
    "name": "Sliggoo",
    "rarity": "",
    "types": [],
    "spawn_rate": ""
  },
  "706": {
    "name": "Goodra",
    "rarity": "",
    "types": [],
    "spawn_rate": ""
  },
  "707": {
    "name": "Klefki",
    "rarity": "",
    "types": [],
    "spawn_rate": ""
  },
  "708": {
    "name": "Phantump",
    "rarity": "",
    "types": [],
    "spawn_rate": ""
  },
  "709": {
    "name": "Trevenant",
    "rarity": "",
    "types": [],
    "spawn_rate": ""
  },
  "710": {
    "name": "Pumpkaboo",
    "rarity": "",
    "types": [],
    "spawn_rate": ""
  },
  "711": {
    "name": "Gourgeist",
    "rarity": "",
    "types": [],
    "spawn_rate": ""
  },
  "712": {
    "name": "Bergmite",
    "rarity": "",
    "types": [],
    "spawn_rate": ""
  },
  "713": {
    "name": "Avalugg",
    "rarity": "",
    "types": [],
    "spawn_rate": ""
  },
  "714": {
    "name": "Noibat",
    "rarity": "",
    "types": [],
    "spawn_rate": ""
  },
  "715": {
    "name": "Noivern",
    "rarity": "",
    "types": [],
    "spawn_rate": ""
  },
  "716": {
    "name": "Xerneas",
    "rarity": "",
    "types": [],
    "spawn_rate": ""
  },
  "717": {
    "name": "Yveltal",
    "rarity": "",
    "types": [],
    "spawn_rate": ""
  },
  "718": {
    "name": "Zygarde",
    "rarity": "",
    "types": [],
    "spawn_rate": ""
  },
  "719": {
    "name": "Diancie",
    "rarity": "",
    "types": [],
    "spawn_rate": ""
  },
  "720": {
    "name": "Hoopa",
    "rarity": "",
    "types": [],
    "spawn_rate": ""
  },
  "721": {
    "name": "Volcanion",
    "rarity": "",
    "types": [],
    "spawn_rate": ""
  }
}
