{
	"alarms":[
		{
			"active":"False",
			"type":"boxcar",
			"user_credentials":"YOUR_API_KEY"
		},
		{
			"active":"False",
			"type":"pushbullet",
			"api_key":"YOUR_API_KEY"
		},
		{
			"active": "False",
			"type": "pushover",
			"app_token": "YOUR_APP_TOKEN",
			"user_key": "YOUR_USER_KEY"
		},
		{
			"active": "False",
			"type":"slack",
			"api_key":"YOUR_API_KEY"
		},
		{
			"active": "False",
			"type":"telegram",
			"bot_token":"YOUR_BOT_TOKEN",
			"chat_id":"YOUR_CHAT_ID"
		},
		{
			"active": "False",
			"type":"twilio",
			"account_sid":"YOUR_API_KEY",
			"auth_token":"YOUR_AUTH_TOKEN",
			"from_number":"YOUR_FROM_NUM",
			"to_number":"YOUR_TO_NUM"
		},
		{
			"active": "False",
			"type": "twitter",
			"access_token": "YOUR_ACCESS_TOKEN",
			"access_secret": "YOUR_ACCESS_SECRET",
			"consumer_key": "YOUR_CONSUMER_KEY",
			"consumer_secret": "YOUR_CONSUMER_SECRET"
        }
	],
	"gyms":{
		"To_Valor":"False",
		"To_Mystic":"False",
		"To_Instinct":"False",
		"From_Valor":"False",
		"From_Mystic":"False",
		"From_Instinct":"False"
	},
	"pokestops":{
		"Lured":"false"
	},
	"pokemon":{
		"Bulbasaur":"False",
		"Ivysaur":"False",
		"Venusaur":"False",
		"Charmander":"False",
		"Charmeleon":"False",
		"Charizard":"False",
		"Squirtle":"False",
		"Wartortle":"False",
		"Blastoise":"False",
		"Caterpie":"False",
		"Metapod":"False",
		"Butterfree":"False",
		"Weedle":"False",
		"Kakuna":"False",
		"Beedrill":"False",
		"Pidgey":"False",
		"Pidgeotto":"False",
		"Pidgeot":"False",
		"Rattata":"False",
		"Raticate":"False",
		"Spearow":"False",
		"Fearow":"False",
		"Ekans":"False",
		"Arbok":"False",
		"Pikachu":"False",
		"Raichu":"False",
		"Sandshrew":"False",
		"Sandslash":"False",
		"Nidoran♀":"False",
		"Nidorina":"False",
		"Nidoqueen":"False",
		"Nidoran♂":"False",
		"Nidorino":"False",
		"Nidoking":"False",
		"Clefairy":"False",
		"Clefable":"False",
		"Vulpix":"False",
		"Ninetales":"False",
		"Jigglypuff":"False",
		"Wigglytuff":"False",
		"Zubat":"False",
		"Golbat":"False",
		"Oddish":"False",
		"Gloom":"False",
		"Vileplume":"False",
		"Paras":"False",
		"Parasect":"False",
		"Venonat":"False",
		"Venomoth":"False",
		"Diglett":"False",
		"Dugtrio":"False",
		"Meowth":"False",
		"Persian":"False",
		"Psyduck":"False",
		"Golduck":"False",
		"Mankey":"False",
		"Primeape":"False",
		"Growlithe":"False",
		"Arcanine":"False",
		"Poliwag":"False",
		"Poliwhirl":"False",
		"Poliwrath":"False",
		"Abra":"False",
		"Kadabra":"False",
		"Alakazam":"False",
		"Machop":"False",
		"Machoke":"False",
		"Machamp":"False",
		"Bellsprout":"False",
		"Weepinbell":"False",
		"Victreebel":"False",
		"Tentacool":"False",
		"Tentacruel":"False",
		"Geodude":"False",
		"Graveler":"False",
		"Golem":"False",
		"Ponyta":"False",
		"Rapidash":"False",
		"Slowpoke":"False",
		"Slowbro":"False",
		"Magnemite":"False",
		"Magneton":"False",
		"Farfetch'd":"False",
		"Doduo":"False",
		"Dodrio":"False",
		"Seel":"False",
		"Dewgong":"False",
		"Grimer":"False",
		"Muk":"False",
		"Shellder":"False",
		"Cloyster":"False",
		"Gastly":"False",
		"Haunter":"False",
		"Gengar":"False",
		"Onix":"False",
		"Drowzee":"False",
		"Hypno":"False",
		"Krabby":"False",
		"Kingler":"False",
		"Voltorb":"False",
		"Electrode":"False",
		"Exeggcute":"False",
		"Exeggutor":"False",
		"Cubone":"False",
		"Marowak":"False",
		"Hitmonlee":"False",
		"Hitmonchan":"False",
		"Lickitung":"False",
		"Koffing":"False",
		"Weezing":"False",
		"Rhyhorn":"False",
		"Rhydon":"False",
		"Chansey":"False",
		"Tangela":"False",
		"Kangaskhan":"False",
		"Horsea":"False",
		"Seadra":"False",
		"Goldeen":"False",
		"Seaking":"False",
		"Staryu":"False",
		"Starmie":"False",
		"Mr. Mime":"False",
		"Scyther":"False",
		"Jynx":"False",
		"Electabuzz":"False",
		"Magmar":"False",
		"Pinsir":"False",
		"Tauros":"False",
		"Magikarp":"False",
		"Gyarados":"False",
		"Lapras":"False",
		"Ditto":"False",
		"Eevee":"False",
		"Vaporeon":"False",
		"Jolteon":"False",
		"Flareon":"False",
		"Porygon":"False",
		"Omanyte":"False",
		"Omastar":"False",
		"Kabuto":"False",
		"Kabutops":"False",
		"Aerodactyl":"False",
		"Snorlax":"False",
		"Articuno":"False",
		"Zapdos":"False",
		"Moltres":"False",
		"Dratini":"False",
		"Dragonair":"False",
		"Dragonite":"False",
		"Mewtwo":"False",
		"Mew":"False"
	}
}
