{
	"alarms":[
	],
	"gyms":{
		"To_Valor":"False",
		"To_Mystic":"False",
		"To_Instinct":"False",
		"From_Valor":"False",
		"From_Mystic":"False",
		"From_Instinct":"False"
	},
	"pokestops":{
		"Lured":"false"
	},
	"pokemon":{
		"Bulbizarre":"False",
		"Herbizarre":"False",
		"Florizarre":"False",
		"Salamèche":"False",
		"Reptincel":"False",
		"Dracaufeu":"False",
		"Carapuce":"False",
		"Carabaffe":"False",
		"Tortank":"False",
		"Chenipan":"False",
		"Chrysacier":"False",
		"Papilusion":"False",
		"Aspicot":"False",
		"Coconfort":"False",
		"Dardargnan":"False",
		"Roucool":"False",
		"Roucoups":"False",
		"Roucarnage":"False",
		"Rattata":"False",
		"Rattatac":"False",
		"Piafabec":"False",
		"Rapasdepic":"False",
		"Abo":"False",
		"Arbok":"False",
		"Pikachu":"False",
		"Raichu":"False",
		"Sabelette":"False",
		"Sablaireau":"False",
		"Nidoran♀":"False",
		"Nidorina":"False",
		"Nidoqueen":"False",
		"Nidoran♂":"False",
		"Nidorino":"False",
		"Nidoking":"False",
		"Mélofée":"False",
		"Mélodelfe":"False",
		"Goupix":"False",
		"Feunard":"False",
		"Rondoudou":"False",
		"Grodoudou":"False",
		"Nosferapti":"False",
		"Nosferalto":"False",
		"Mystherbe":"False",
		"Ortide":"False",
		"Rafflesia":"False",
		"Paras":"False",
		"Parasect":"False",
		"Mimitoss":"False",
		"Aéromite":"False",
		"Taupiqueur":"False",
		"Triopikeur":"False",
		"Miaouss":"False",
		"Persian":"False",
		"Psykokwak":"False",
		"Akwakwak":"False",
		"Férosinge":"False",
		"Colossinge":"False",
		"Caninos":"False",
		"Arcanin":"False",
		"Ptitard":"False",
		"Têtarte":"False",
		"Tartard":"False",
		"Abra":"False",
		"Kadabra":"False",
		"Alakazam":"False",
		"Machoc":"False",
		"Machopeur":"False",
		"Mackogneur":"False",
		"Chétiflor":"False",
		"Boustiflor":"False",
		"Empiflor":"False",
		"Tentacool":"False",
		"Tentacruel":"False",
		"Racaillou":"False",
		"Gravalanch":"False",
		"Grolem":"False",
		"Ponyta":"False",
		"Galopa":"False",
		"Ramoloss":"False",
		"Flagadoss":"False",
		"Magnéti":"False",
		"Magnéton":"False",
		"Canarticho":"False",
		"Doduo":"False",
		"Dodrio":"False",
		"Otaria":"False",
		"Lamantine":"False",
		"Tadmorv":"False",
		"Grotadmorv":"False",
		"Kokiyas":"False",
		"Crustabri":"False",
		"Fantominus":"False",
		"Spectrum":"False",
		"Ectoplasma":"False",
		"Onix":"False",
		"Soporifik":"False",
		"Hypnomade":"False",
		"Krabby":"False",
		"Krabboss":"False",
		"Voltorbe":"False",
		"Électrode":"False",
		"Nœunœuf":"False",
		"Noadkoko":"False",
		"Osselait":"False",
		"Ossatueur":"False",
		"Kicklee":"False",
		"Tygnon":"False",
		"Excelangue":"False",
		"Smogo":"False",
		"Smogogo":"False",
		"Rhinocorne":"False",
		"Rhinoféros":"False",
		"Leveinard":"False",
		"Saquedeneu":"False",
		"Kangourex":"False",
		"Hypotrempe":"False",
		"Hypocéan":"False",
		"Poissirène":"False",
		"Poissoroy":"False",
		"Stari":"False",
		"Staross":"False",
		"M.Mime":"False",
		"Insécateur":"False",
		"Lippoutou":"False",
		"Élektek":"False",
		"Magmar":"False",
		"Scarabrute":"False",
		"Tauros":"False",
		"Magicarpe":"False",
		"Léviator":"False",
		"Lokhlass":"False",
		"Métamorph":"False",
		"Évoli":"False",
		"Aquali":"False",
		"Voltali":"False",
		"Pyroli":"False",
		"Porygon":"False",
		"Amonita":"False",
		"Amonistar":"False",
		"Kabuto":"False",
		"Kabutops":"False",
		"Ptéra":"False",
		"Ronflex":"False",
		"Artikodin":"False",
		"Électhor":"False",
		"Sulfura":"False",
		"Minidraco":"False",
		"Draco":"False",
		"Dracolosse":"False",
		"Mewtwo":"False",
		"Mew":"False",
		"Germignon":"False",
		"Macronium":"False",
		"Méganium":"False",
		"Héricendre":"False",
		"Feurisson":"False",
		"Typhlosion":"False",
		"Kaiminus":"False",
		"Crocrodil":"False",
		"Aligatueur":"False",
		"Fouinette":"False",
		"Fouinar":"False",
		"Hoothoot":"False",
		"Noarfang":"False",
		"Coxy":"False",
		"Coxyclaque":"False",
		"Mimigal":"False",
		"Migalos":"False",
		"Nostenfer":"False",
		"Loupio":"False",
		"Lanturn":"False",
		"Pichu":"False",
		"Mélo":"False",
		"Toudoudou":"False",
		"Togepi":"False",
		"Togetic":"False",
		"Natu":"False",
		"Xatu":"False",
		"Wattouat":"False",
		"Lainergie":"False",
		"Pharamp":"False",
		"Joliflor":"False",
		"Marill":"False",
		"Azumarill":"False",
		"Simularbre":"False",
		"Tarpaud":"False",
		"Granivol":"False",
		"Floravol":"False",
		"Cotovol":"False",
		"Capumain":"False",
		"Tournegrin":"False",
		"Héliatronc":"False",
		"Yanma":"False",
		"Axoloto":"False",
		"Maraiste":"False",
		"Mentali":"False",
		"Noctali":"False",
		"Cornèbre":"False",
		"Roigada":"False",
		"Feuforêve":"False",
		"Zarbi":"False",
		"Qulbutoké":"False",
		"Girafarig":"False",
		"Pomdepic":"False",
		"Foretress":"False",
		"Insolourdo":"False",
		"Scorplane":"False",
		"Steelix":"False",
		"Snubbull":"False",
		"Granbull":"False",
		"Qwilfish":"False",
		"Cizayox":"False",
		"Caratroc":"False",
		"Scarhino":"False",
		"Farfuret":"False",
		"Teddiursa":"False",
		"Ursaring":"False",
		"Limagma":"False",
		"Volcaropod":"False",
		"Marcacrin":"False",
		"Cochignon":"False",
		"Corayon":"False",
		"Rémoraid":"False",
		"Octillery":"False",
		"Cadoizo":"False",
		"Démanta":"False",
		"Airmure":"False",
		"Malosse":"False",
		"Démolosse":"False",
		"Hyporoi":"False",
		"Phanpy":"False",
		"Donphan":"False",
		"Porygon2":"False",
		"Cerfrousse":"False",
		"Queulorior":"False",
		"Debugant":"False",
		"Kapoera":"False",
		"Lippouti":"False",
		"Élekid":"False",
		"Magby":"False",
		"Écrémeuh":"False",
		"Leuphorie":"False",
		"Raikou":"False",
		"Entei":"False",
		"Suicune":"False",
		"Embrylex":"False",
		"Ymphect":"False",
		"Tyranocif":"False",
		"Lugia":"False",
		"Ho-Oh":"False",
		"Celebi":"False",
		"Arcko":"False",
		"Massko":"False",
		"Jungko":"False",
		"Poussifeu":"False",
		"Galifeu":"False",
		"Braségali":"False",
		"Gobou":"False",
		"Flobio":"False",
		"Laggron":"False",
		"Medhyèna":"False",
		"Grahyèna":"False",
		"Zigzaton":"False",
		"Linéon":"False",
		"Chenipotte":"False",
		"Armulys":"False",
		"Charmillon":"False",
		"Blindalys":"False",
		"Papinox":"False",
		"Nénupiot":"False",
		"Lombre":"False",
		"Ludicolo":"False",
		"Grainipiot":"False",
		"Pifeuil":"False",
		"Tengalice":"False",
		"Nirondelle":"False",
		"Hélédelle":"False",
		"Goélise":"False",
		"Bekipan":"False",
		"Tarsal":"False",
		"Kirlia":"False",
		"Gardevoir":"False",
		"Arakdo":"False",
		"Maskadra":"False",
		"Balignon":"False",
		"Chapignon":"False",
		"Parecool":"False",
		"Vigoroth":"False",
		"Monaflèmit":"False",
		"Ningale":"False",
		"Ninjask":"False",
		"Munja":"False",
		"Chuchmur":"False",
		"Ramboum":"False",
		"Brouhabam":"False",
		"Makuhita":"False",
		"Hariyama":"False",
		"Azurill":"False",
		"Tarinor":"False",
		"Skitty":"False",
		"Delcatty":"False",
		"Ténéfix":"False",
		"Mysdibule":"False",
		"Galekid":"False",
		"Galegon":"False",
		"Galeking":"False",
		"Méditikka":"False",
		"Charmina":"False",
		"Dynavolt":"False",
		"Élecsprint":"False",
		"Posipi":"False",
		"Négapi":"False",
		"Muciole":"False",
		"Lumivole":"False",
		"Rosélia":"False",
		"Gloupti":"False",
		"Avaltout":"False",
		"Carvanha":"False",
		"Sharpedo":"False",
		"Wailmer":"False",
		"Wailord":"False",
		"Chamallot":"False",
		"Camérupt":"False",
		"Chartor":"False",
		"Spoink":"False",
		"Groret":"False",
		"Spinda":"False",
		"Kraknoix":"False",
		"Vibraninf":"False",
		"Libégon":"False",
		"Cacnea":"False",
		"Cacturne":"False",
		"Tylton":"False",
		"Altaria":"False",
		"Mangriff":"False",
		"Séviper":"False",
		"Séléroc":"False",
		"Solaroc":"False",
		"Barloche":"False",
		"Barbicha":"False",
		"Écrapince":"False",
		"Colhomard":"False",
		"Balbuto":"False",
		"Kaorine":"False",
		"Lilia":"False",
		"Vacilys":"False",
		"Anorith":"False",
		"Armaldo":"False",
		"Barpau":"False",
		"Milobellus":"False",
		"Morphéo":"False",
		"Kecleon":"False",
		"Polichombr":"False",
		"Branette":"False",
		"Skelénox":"False",
		"Téraclope":"False",
		"Tropius":"False",
		"Éoko":"False",
		"Absol":"False",
		"Okéoké":"False",
		"Stalgamin":"False",
		"Oniglali":"False",
		"Obalie":"False",
		"Phogleur":"False",
		"Kaimorse":"False",
		"Coquiperl":"False",
		"Serpang":"False",
		"Rosabyss":"False",
		"Relicanth":"False",
		"Lovdisc":"False",
		"Draby":"False",
		"Drackhaus":"False",
		"Drattak":"False",
		"Terhal":"False",
		"Métang":"False",
		"Métalosse":"False",
		"Regirock":"False",
		"Regice":"False",
		"Registeel":"False",
		"Latias":"False",
		"Latios":"False",
		"Kyogre":"False",
		"Groudon":"False",
		"Rayquaza":"False",
		"Jirachi":"False",
		"Deoxys":"False",
		"Tortipouss":"False",
		"Boskara":"False",
		"Torterra":"False",
		"Ouisticram":"False",
		"Chimpenfeu":"False",
		"Simiabraz":"False",
		"Tiplouf":"False",
		"Prinplouf":"False",
		"Pingoléon":"False",
		"Étourmi":"False",
		"Étourvol":"False",
		"Étouraptor":"False",
		"Keunotor":"False",
		"Castorno":"False",
		"Crikzik":"False",
		"Mélokrik":"False",
		"Lixy":"False",
		"Luxio":"False",
		"Luxray":"False",
		"Rozbouton":"False",
		"Roserade":"False",
		"Kranidos":"False",
		"Charkos":"False",
		"Dinoclier":"False",
		"Bastiodon":"False",
		"Cheniti":"False",
		"Cheniselle":"False",
		"Papilord":"False",
		"Apitrini":"False",
		"Apireine":"False",
		"Pachirisu":"False",
		"Mustébouée":"False",
		"Mustéflott":"False",
		"Ceribou":"False",
		"Ceriflor":"False",
		"Sancoki":"False",
		"Tritosor":"False",
		"Capidextre":"False",
		"Baudrive":"False",
		"Grodrive":"False",
		"Laporeille":"False",
		"Lockpin":"False",
		"Magirêve":"False",
		"Corboss":"False",
		"Chaglam":"False",
		"Chaffreux":"False",
		"Korillon":"False",
		"Moufouette":"False",
		"Moufflair":"False",
		"Archéomire":"False",
		"Archéodong":"False",
		"Manzaï":"False",
		"Mime Jr":"False",
		"Ptiravi":"False",
		"Pijako":"False",
		"Spiritomb":"False",
		"Griknot":"False",
		"Carmache":"False",
		"Carchacrok":"False",
		"Goinfrex":"False",
		"Riolu":"False",
		"Lucario":"False",
		"Hippopotas":"False",
		"Hippodocus":"False",
		"Rapion":"False",
		"Drascore":"False",
		"Cradopaud":"False",
		"Coatox":"False",
		"Vortente":"False",
		"Écayon":"False",
		"Luminéon":"False",
		"Babimanta":"False",
		"Blizzi":"False",
		"Blizzaroi":"False",
		"Dimoret":"False",
		"Magnézone":"False",
		"Coudlangue":"False",
		"Rhinastoc":"False",
		"Bouldeneu":"False",
		"Élekable":"False",
		"Maganon":"False",
		"Togekiss":"False",
		"Yanméga":"False",
		"Phyllali":"False",
		"Givrali":"False",
		"Scorvol":"False",
		"Mammochon":"False",
		"Porygon-Z":"False",
		"Gallame":"False",
		"Tarinorme":"False",
		"Noctunoir":"False",
		"Momartik":"False",
		"Motisma":"False",
		"Créhelf":"False",
		"Créfollet":"False",
		"Créfadet":"False",
		"Dialga":"False",
		"Palkia":"False",
		"Heatran":"False",
		"Regigigas":"False",
		"Giratina":"False",
		"Cresselia":"False",
		"Phione":"False",
		"Manaphy":"False",
		"Darkrai":"False",
		"Shaymin":"False",
		"Arceus":"False",
		"Victini":"False",
		"Vipélierre":"False",
		"Lianaja":"False",
		"Majaspic":"False",
		"Gruikui":"False",
		"Grotichon":"False",
		"Roitiflam":"False",
		"Moustillon":"False",
		"Mateloutre":"False",
		"Clamiral":"False",
		"Ratentif":"False",
		"Miradar":"False",
		"Ponchiot":"False",
		"Ponchien":"False",
		"Mastouffe":"False",
		"Chacripan":"False",
		"Léopardus":"False",
		"Feuillajou":"False",
		"Feuiloutan":"False",
		"Flamajou":"False",
		"Flamoutan":"False",
		"Flotajou":"False",
		"Flotoutan":"False",
		"Munna":"False",
		"Mushana":"False",
		"Poichigeon":"False",
		"Colombeau":"False",
		"Déflaisan":"False",
		"Zébribon":"False",
		"Zéblitz":"False",
		"Nodulithe":"False",
		"Géolithe":"False",
		"Gigalithe":"False",
		"Chovsourir":"False",
		"Rhinolove":"False",
		"Rototaupe":"False",
		"Minotaupe":"False",
		"Nanméouïe":"False",
		"Charpenti":"False",
		"Ouvrifier":"False",
		"Bétochef":"False",
		"Tritonde":"False",
		"Batracné":"False",
		"Crapustule":"False",
		"Judokrak":"False",
		"Karaclée":"False",
		"Larveyette":"False",
		"Couverdure":"False",
		"Manternel":"False",
		"Venipatte":"False",
		"Scobolide":"False",
		"Brutapode":"False",
		"Doudouvet":"False",
		"Farfaduvet":"False",
		"Chlorobule":"False",
		"Fragilady":"False",
		"Bargantua":"False",
		"Mascaïman":"False",
		"Escroco":"False",
		"Crocorible":"False",
		"Darumarond":"False",
		"Darumacho":"False",
		"Maracachi":"False",
		"Crabicoque":"False",
		"Crabaraque":"False",
		"Baggiguane":"False",
		"Baggaïd":"False",
		"Cryptéro":"False",
		"Tutafeh":"False",
		"Tutankafer":"False",
		"Carapagos":"False",
		"Mégapagos":"False",
		"Arkéapti":"False",
		"Aéroptéryx":"False",
		"Miamiasme":"False",
		"Miasmax":"False",
		"Zorua":"False",
		"Zoroark":"False",
		"Chinchidou":"False",
		"Pashmilla":"False",
		"Scrutella":"False",
		"Mesmérella":"False",
		"Sidérella":"False",
		"Nucléos":"False",
		"Méios":"False",
		"Symbios":"False",
		"Couaneton":"False",
		"Lakmécygne":"False",
		"Sorbébé":"False",
		"Sorboul":"False",
		"Sorbouboul":"False",
		"Vivaldaim":"False",
		"Haydaim":"False",
		"Emolga":"False",
		"Carabing":"False",
		"Lançargot":"False",
		"Trompignon":"False",
		"Gaulet":"False",
		"Viskuse":"False",
		"Moyade":"False",
		"Mamanbo":"False",
		"Statitik":"False",
		"Mygavolt":"False",
		"Grindur":"False",
		"Noacier":"False",
		"Tic":"False",
		"Clic":"False",
		"Cliticlic":"False",
		"Anchwatt":"False",
		"Lampéroie":"False",
		"Ohmassacre":"False",
		"Lewsor":"False",
		"Neitram":"False",
		"Funécire":"False",
		"Mélancolux":"False",
		"Lugulabre":"False",
		"Coupenotte":"False",
		"Incisache":"False",
		"Tranchodon":"False",
		"Polarhume":"False",
		"Polagriffe":"False",
		"Hexagel":"False",
		"Escargaume":"False",
		"Limaspeed":"False",
		"Limonde":"False",
		"Kungfouine":"False",
		"Shaofouine":"False",
		"Drakkarmin":"False",
		"Gringolem":"False",
		"Golemastoc":"False",
		"Scalpion":"False",
		"Scalproie":"False",
		"Frison":"False",
		"Furaiglon":"False",
		"Gueriaigle":"False",
		"Vostourno":"False",
		"Vaututrice":"False",
		"Aflamanoir":"False",
		"Fermite":"False",
		"Solochi":"False",
		"Diamat":"False",
		"Trioxhydre":"False",
		"Pyronille":"False",
		"Pyrax":"False",
		"Cobaltium":"False",
		"Terrakium":"False",
		"Viridium":"False",
		"Boréas":"False",
		"Fulguris":"False",
		"Reshiram":"False",
		"Zekrom":"False",
		"Démétéros":"False",
		"Kyurem":"False",
		"Keldeo":"False",
		"Meloetta":"False",
		"Genesect":"False",
		"Marisson":"False",
		"Boguérisse":"False",
		"Blindépique":"False",
		"Feunnec":"False",
		"Roussil":"False",
		"Goupelin":"False",
		"Grenousse":"False",
		"Croâporal":"False",
		"Amphinobi":"False",
		"Sapereau":"False",
		"Excavarenne":"False",
		"Passerouge":"False",
		"Braisillon":"False",
		"Flambusard":"False",
		"Lépidonille":"False",
		"Pérégrain":"False",
		"Prismillon":"False",
		"Hélionceau":"False",
		"Némélios":"False",
		"Flabébé":"False",
		"Floette":"False",
		"Florges":"False",
		"Cabriolaine":"False",
		"Chevroum":"False",
		"Pandespiègle":"False",
		"Pandarbare":"False",
		"Couafarel":"False",
		"Psystigri":"False",
		"Mistigrix":"False",
		"Monorpale":"False",
		"Dimoclès":"False",
		"Exagide":"False",
		"Fluvetin":"False",
		"Cocotine":"False",
		"Sucroquin":"False",
		"Cupcanaille":"False",
		"Sepiatop":"False",
		"Sepiatroce":"False",
		"Opermine":"False",
		"Golgopathe":"False",
		"Venalgue":"False",
		"Kravarech":"False",
		"Flingouste":"False",
		"Gamblast":"False",
		"Galvaran":"False",
		"Iguolta":"False",
		"Ptyranidur":"False",
		"Rexillius":"False",
		"Amagara":"False",
		"Dragmara":"False",
		"Nymphali":"False",
		"Brutalibré":"False",
		"Dedenne":"False",
		"Strassie":"False",
		"Mucuscule":"False",
		"Colimucus":"False",
		"Muplodocus":"False",
		"Trousselin":"False",
		"Brocélôme":"False",
		"Desséliande":"False",
		"Pitrouille":"False",
		"Banshitrouye":"False",
		"Grelaçon":"False",
		"Séracrawl":"False",
		"Sonistrelle":"False",
		"Bruyverne":"False",
		"Xerneas":"False",
		"Yveltal":"False",
		"Zygarde":"False",
		"Diancie":"False",
		"Hoopa":"False",
		"Volcanion":"False"
	}
}
